Nombre,Marca,Tienda,Puntuacion,Cantidad de puntuaciones,Precio real,Precio oferta,Descuento,Imagen
"Mutant Amino 300 Tab, Aminoácidos Pastillas Bcaa + Eaa",MUTANT,Por INTERSPORT ,4.3,(3),S/149,S/106,28% OFF,https://http2.mlstatic.com/D_Q_NP_2X_634079-MPE71095869217_082023-AB-mutant-amino-300-tab-aminoacidos-pastillas-bcaa-eaa.webp
Auriculares Inalámbricos Xiaomi Redmi Buds 6 Play Bluetooth Color Rosa,XIAOMI,Por Ofertec ,4.7,(1831),S/99,"S/56,43",43% OFF,https://http2.mlstatic.com/D_Q_NP_2X_711839-MLA83161279255_032025-AB.webp
Isdin Fusion Water Color Light Spf50 50ml Oil Control,ISDIN,Por Dermotienda Shopping ,4.9,(19),"S/124,90","S/87,40",30% OFF,https://http2.mlstatic.com/D_Q_NP_2X_691073-MPE82435895876_022025-AB.webp
Medias Antideslizantes Marinera/yoga/pilates/ballet,PRO SPORTS PERÚ,No disponible,4.7,(10),"S/49,90","S/35,04",29% OFF,https://http2.mlstatic.com/D_Q_NP_2X_829954-MPE48030065791_102021-AB-medias-antideslizantes-marinerayogapilatesballet.webp
Motul 7100 Aceite Motor 20w50 1l Fs,MOTUL,Por Motul ,4.9,(39),"S/52,17","S/42,27",18% OFF,https://http2.mlstatic.com/D_Q_NP_2X_684106-MLA79351013527_092024-AB-motul-7100-aceite-motor-20w50-1l-fs.webp
Renöva+ - Colágeno Hidrolizado Con Biopéptidos Activos Berries,RENÖVA+,No disponible,5.0,(1),"S/179,99","S/143,99",20% OFF,https://http2.mlstatic.com/D_Q_NP_2X_708428-MPE83876204898_042025-AB.webp
Fotoprotector Mineral Fusion Fluid Spf50+ Isdin 50 Ml,ISDIN,Por Dermotienda Shopping ,5.0,(7),"S/119,90","S/92,50",22% OFF,https://http2.mlstatic.com/D_Q_NP_2X_980949-MPE69889414625_062023-AB.webp
"Haylou S30 Pro Anc Audífonos Diadema Gamer Inalámbricos/con Micrófono, Bluetooth 5.4, Llamadas Manos Libres, Cancelación De Ruido Adaptativa De - 43db, Controlador 40mm, 80h Reproducción, Azul Oscuro",HAYLOU,Por Orrohome ,5.0,(1),S/259,S/139,46% OFF,https://http2.mlstatic.com/D_Q_NP_2X_972561-MLU77243949115_062024-AB.webp
Cerave Limpiador Control Imperfeciones - 236ml,CERAVE,Por Cerave ,4.8,(106),"S/68,90","S/52,90",23% OFF,https://http2.mlstatic.com/D_Q_NP_2X_703075-MPE81969572408_022025-AB-cerave-limpiador-control-imperfeciones-236ml.webp
"Nutricost Omega 3, Epa 1200 Mg Dha 910 Mg 120 Sgels Sabor Sin Sabor",NUTRICOST,Por Bay Natural ,4.7,(269),S/109,"S/79,90",26% OFF,https://http2.mlstatic.com/D_Q_NP_2X_736958-MLU76278434813_052024-AB.webp
Apple iPhone 13 (128 Gb) - Azul Medianoche - Distribuidor Autorizado,APPLE,Por Apple ,4.8,(453),S/2.351,S/1.969,16% OFF,https://http2.mlstatic.com/D_Q_NP_2X_973345-MLA47781591382_102021-AB.webp
"Necesser De Viaje Toiletry Kit Color Negro, Wenger Color Negro Diseño De La Tela Lisa",WENGER,Por Wenger ,5.0,(4),S/59,"S/51,33",13% OFF,https://http2.mlstatic.com/D_Q_NP_2X_733113-MLA84556664042_052025-AB.webp
Almohada Para Embarazo Premium 360 Color Gris Almohada Embarazo,QUÉ PATAS PET SHOP,Por Que Patas Pet Shop ,5.0,(1),"S/252,68",S/155,38% OFF,https://http2.mlstatic.com/D_Q_NP_2X_835917-MLA84254705058_052025-AB.webp
Apple iPad Wifi 11th Gen (128gb) - Plata,APPLE,Por Apple ,No disponible,No disponible,S/1.839,S/1.549,15% OFF,https://http2.mlstatic.com/D_Q_NP_2X_987314-MPE84764911525_052025-AB-apple-ipad-wifi-11th-gen-128gb-plata.webp
Cerave Locion Facial Hidratante Pm - 52ml,CERAVE,Por Cerave ,4.8,(8),"S/60,90",S/47,22% OFF,https://http2.mlstatic.com/D_Q_NP_2X_666443-MPE84469120229_052025-AB-cerave-locion-facial-hidratante-pm-52ml.webp
50'' Qled 4k Q60d Tizen Os Smart Tv (2024),SAMSUNG,Por Samsung ,4.3,(8),S/2.099,S/1.149,45% OFF,https://http2.mlstatic.com/D_Q_NP_2X_857057-MPE81580361225_122024-AB-50-qled-4k-q60d-tizen-os-smart-tv-2024.webp
Nutricost L Arginina 1000mg 300 Capsulas Arginine,NUTRICOST,Por Bay Natural ,4.7,(580),"S/82,69","S/59,50",28% OFF,https://http2.mlstatic.com/D_Q_NP_2X_668232-MPE52720577210_122022-AB.webp
Apple iPhone 16 Pro Max (256 Gb) - Titanio Del Desierto,APPLE,Por Cases World ,4.9,(424),S/5.393,S/4.745,12% OFF,https://http2.mlstatic.com/D_Q_NP_2X_728476-MLU78878973712_092024-AB.webp
Torre De Sonido Mx-t70,SAMSUNG,Por Samsung ,No disponible,No disponible,S/1.799,S/939,47% OFF,https://http2.mlstatic.com/D_Q_NP_2X_903649-MLA84536134640_052025-AB.webp
Meta Quest 3 512 Gb 2023 Color Blanco,META,No disponible,4.9,(39),S/2.569,S/2.469,3% OFF,https://http2.mlstatic.com/D_Q_NP_2X_812838-MLU73044019207_112023-AB.webp
Rapiducha Sole Española Temp-pro 7 Kw Color Negro,SOLE,Por Sole ,4.7,(3),S/779,S/604,22% OFF,https://http2.mlstatic.com/D_Q_NP_2X_607887-MLA84856892947_052025-AB.webp
All In One Hp 24-cb1009la Intel Core I5-1235u 8gb 512gb Ssd,HP,Por HP Store ,5.0,(1),S/3.099,S/2.119,31% OFF,https://http2.mlstatic.com/D_Q_NP_2X_847955-MLA84535996490_052025-AB.webp
55'' Qled 4k Q60d Tizen Os Smart Tv (2024),SAMSUNG,Por Samsung ,4.6,(17),S/2.299,S/1.299,43% OFF,https://http2.mlstatic.com/D_Q_NP_2X_881341-MPE81533773491_122024-AB-55-qled-4k-q60d-tizen-os-smart-tv-2024.webp
Xiaomi Poco X7 Pro Dual Sim 5g 512gb Negro 12ram 50mpx,XIAOMI,No disponible,4.8,(153),S/2.292,S/1.375,40% OFF,https://http2.mlstatic.com/D_Q_NP_2X_977077-MLA81884595508_012025-AB.webp
Laptop Nueva Lenovo V15 G3 I3 12va 24gbram 256gbssd + 1tbhdd,LENOVO,No disponible,4.6,(15),S/1.882,S/1.769,6% OFF,https://http2.mlstatic.com/D_Q_NP_2X_667664-MPE81100927182_122024-AB-laptop-nueva-lenovo-v15-g3-i3-12va-24gbram-256gbssd-1tbhdd.webp
Monitor Gamer Samsung Con Pantalla De 34  100hz 220v Color Negro,SAMSUNG,Por Samsung ,4.8,(26),S/1.449,S/859,40% OFF,https://http2.mlstatic.com/D_Q_NP_2X_601743-MLA84548473192_052025-AB.webp
Apple Watch Serie 10 42mm Aluminio Sport Band Gps,APPLE,Por Cases World ,4.9,(22),S/1.977,S/1.739,12% OFF,https://http2.mlstatic.com/D_Q_NP_2X_685297-MPE79348238952_092024-AB-apple-watch-serie-10-42mm-aluminio-sport-band-gps.webp
Colchón Calm Original De Memory Foam 2 Plazas,CALM,Por Hola Calm ,4.4,(27),S/2.499,S/1.099,56% OFF,https://http2.mlstatic.com/D_Q_NP_2X_799639-MPE84825386532_052025-AB-colchon-calm-original-de-memory-foam-2-plazas.webp
43'' Qled 4k Q65d Tizen Os Smart Tv (2024),SAMSUNG,Por Samsung ,4.6,(34),S/1.598,S/959,40% OFF,https://http2.mlstatic.com/D_Q_NP_2X_955963-MPE80456082604_112024-AB-43-qled-4k-q65d-tizen-os-smart-tv-2024.webp
Samsung Galaxy S25 Ultra 5g 512gb 12gb Ram Dual Sim Sellado,SAMSUNG,No disponible,5.0,(8),S/6.959,S/4.592,34% OFF,https://http2.mlstatic.com/D_Q_NP_2X_804179-MPE81956908366_022025-AB-samsung-galaxy-s25-ultra-5g-512gb-12gb-ram-dual-sim-sellado.webp
Dongguan Liesheng Haylou S30 Pro Con Micrófono Bt5.4 Color Azul Oscuro,HAYLOU,Por Ofertec ,5.0,(3),"S/227,14",S/139,38% OFF,https://http2.mlstatic.com/D_Q_NP_2X_866556-MLU77150471939_062024-AB.webp
Tp-link Archer Ax12 Router Wifi 6 Ax1500 1.5gb De Doble Banda 3 Puertos Lan Gigabit Color Negro,TP-LINK,Por Work Solution ,4.8,(74),S/289,S/149,48% OFF,https://http2.mlstatic.com/D_Q_NP_2X_813279-MLU71697537538_092023-AB.webp
Nitro Tech 100% Whey Gold 5lb Sabor Double Chocolate,MUSCLETECH,Por Lab Nutrition ,4.8,(176),S/399,"S/259,90",34% OFF,https://http2.mlstatic.com/D_Q_NP_2X_845394-MLU70591166543_072023-AB.webp
Nintendo Switch Oled Blanco + Crt + Smash + Mario 3d World,NINTENDO,Por Game Center ,4.9,(39),S/2.493,S/1.745,30% OFF,https://http2.mlstatic.com/D_Q_NP_2X_911259-MPE53250734436_012023-AB-nintendo-switch-oled-blanco-crt-smash-mario-3d-world.webp
Amazon Echo Dot 5th Gen Con Asistente Virtual Alexa Negro 110v/240v Color Negro,AMAZON,Por Reolink ,4.8,(1311),S/259,S/175,32% OFF,https://http2.mlstatic.com/D_Q_NP_2X_746297-MLA79401219670_092024-AB.webp
Refrigerante Prestone Max Rojo 50% Para Toyota Lexus Galón,PRESTONE,Por Repuestos Davalos ,4.8,(26),S/70,"S/64,01",8% OFF,https://http2.mlstatic.com/D_Q_NP_2X_966080-MLU72864255163_112023-AB.webp
Apple iPhone 13 (128 Gb) - Blanco Estelar - Distribuidor Autorizado,APPLE,Por Apple ,4.8,(453),S/2.351,S/1.969,16% OFF,https://http2.mlstatic.com/D_Q_NP_2X_736168-MLA47781742030_102021-AB.webp
Xiaomi Redmi Buds 6 Play Bluetooth 5.4 Color Negro,XIAOMI,Por CASEMOTIONS PE ,4.7,(1831),S/100,S/41,59% OFF,https://http2.mlstatic.com/D_Q_NP_2X_999347-MLA80055007222_102024-AB.webp
Nitro Tech 100% Whey Gold 5lb,MUSCLETECH,Por Lab Nutrition ,4.8,(176),S/399,"S/259,90",34% OFF,https://http2.mlstatic.com/D_Q_NP_2X_984802-MLU77967066198_082024-AB.webp
Monitor Gamer LG Con Pantalla De 27  220v Y Resolución Full Hd,LG,No disponible,4.6,(10),"S/892,94","S/642,91",28% OFF,https://http2.mlstatic.com/D_Q_NP_2X_616344-MLA80680597637_112024-AB.webp
Gimnasio Xxl De 2 Metros Para Gatos,GENÉRICA,Por Que Patas Pet Shop ,4.8,(5),"S/679,25",S/443,34% OFF,https://http2.mlstatic.com/D_Q_NP_2X_782094-MPE75174347918_032024-AB.webp
Zapatera Plegable De 6 Niveles Organizador De Almacenamiento,GENÉRICA,Por Hannzo Store ,4.8,(211),S/180,"S/75,50",58% OFF,https://http2.mlstatic.com/D_Q_NP_2X_644137-MPE83302767474_042025-AB-zapatera-plegable-de-6-niveles-organizador-de-almacenamiento.webp
Xiaomi Redmi Note 14 Pro 5g Negro 256gb 8ram 200mpx,XIAOMI,No disponible,4.7,(65),S/1.758,S/1.054,40% OFF,https://http2.mlstatic.com/D_Q_NP_2X_728685-MLA81874290750_012025-AB.webp
Auriculares In-ear Inalámbricos Bluetooth AirPods Pro 2nd Generation Mtjv3am/a Blanco Con Luz Verde Lima,APPLE,Por CASEMOTIONS PE ,4.8,(249),S/1.499,"S/929,38",38% OFF,https://http2.mlstatic.com/D_Q_NP_2X_888626-MLA75077823337_032024-AB.webp
"Laptop Lenovo V15 G4 Iru Core I3-1315u, 8gb Ddr4, Ssd 256gb Gris",LENOVO,Por PC YA Empresarial ,No disponible,No disponible,S/1.499,S/1.299,13% OFF,https://http2.mlstatic.com/D_Q_NP_2X_817402-MPE84366402186_052025-AB.webp
Elastiflex Ultra Complex Lat Pharma Condroitina Msm 450g,LAT PHARMA,No disponible,No disponible,No disponible,S/350,"S/332,50",5% OFF,https://http2.mlstatic.com/D_Q_NP_2X_811003-MPE82073354557_012025-AB-elastiflex-ultra-complex-lat-pharma-condroitina-msm-450g.webp
Bange 1908 Mochila Viajera Urbana Color Negro 37l,BANGE,Por Bange ,4.9,(161),S/248,S/205,17% OFF,https://http2.mlstatic.com/D_Q_NP_2X_866522-MLA53827525822_022023-AB.webp
"Case Deepcool Cg530 4f, V/templado, Argb Color Negro",DEEPCOOL,Por Wondercris ,5.0,(6),S/499,S/429,14% OFF,https://http2.mlstatic.com/D_Q_NP_2X_947912-MLA81513301815_122024-AB.webp
"Xiaomi Redmi Note 14 4g 6,67 256gb 8gb Ram Cámara 108mpx - Color Negro",XIAOMI,No disponible,4.8,(88),S/1.182,"S/709,20",40% OFF,https://http2.mlstatic.com/D_Q_NP_2X_701179-MLA82195775895_012025-AB.webp
Sony Audífonos Inalámbricos Noise Cancelling Wh-1000xm6 Negro,SONY,Por Sony ,No disponible,No disponible,S/1.699,S/1.599,5% OFF,https://http2.mlstatic.com/D_Q_NP_2X_671296-MPE84684296370_052025-AB.webp
Macbook Air 15  Chip M4 | 16gb 512ssd | Teclado Español,APPLE,Por Cases World ,5.0,(1),S/7.526,S/6.999,7% OFF,https://http2.mlstatic.com/D_Q_NP_2X_634766-MPE83545319171_042025-AB-macbook-air-15-chip-m4-16gb-512ssd-teclado-espanol.webp
Terma Eléctrica Sole Evolucion 50 Litros Para Pared C/acc,SOLE,Por Sole ,5.0,(6),S/679,S/599,11% OFF,https://http2.mlstatic.com/D_Q_NP_2X_906738-MPE75591985886_042024-AB-terma-electrica-sole-evolucion-50-litros-para-pared-cacc.webp
Disco Sólido   1tb   Ssd Kingston ( Original ) 960gb,KINGSTON,No disponible,4.9,(270),"S/320,90",S/279,13% OFF,https://http2.mlstatic.com/D_Q_NP_2X_690585-MPE75357278001_032024-AB-disco-solido-1tb-ssd-kingston-original-960gb.webp
Apple iPhone 15 (128 Gb) - Rosa,APPLE,No disponible,4.8,(639),S/4.615,S/2.769,40% OFF,https://http2.mlstatic.com/D_Q_NP_2X_958009-MLA71782868134_092023-AB.webp
Audifonos Apple AirPods Pro (2ª Gen) Estuche Magsafe (usb-c),APPLE,Por CASEMOTIONS PE ,4.8,(223),S/1.499,"S/929,38",38% OFF,https://http2.mlstatic.com/D_Q_NP_2X_952556-MPE72456164757_102023-AB-audifonos-apple-airpods-pro-2-gen-estuche-magsafe-usb-c.webp
"Monitor Gaming Odyssey G4 De 27 . Fhd, 240hz, 1ms",SAMSUNG,Por Samsung ,4.8,(53),S/1.199,S/849,29% OFF,https://http2.mlstatic.com/D_Q_NP_2X_814517-MPE54616871638_032023-AB-monitor-gaming-odyssey-g4-de-27-fhd-240hz-1ms.webp
Bicimoto Kayencorp Zkk 48v 25 Km/h,KAYENCORP,No disponible,No disponible,No disponible,S/4.999,S/4.199,16% OFF,https://http2.mlstatic.com/D_Q_NP_2X_857098-MPE84239149633_042025-AB-bicimoto-kayencorp-zkk-48v-25-kmh.webp
Escritorio Eléctrico Evox Y201 Con Altura Regulable Negro,EVOX,Por Jota Store ,No disponible,No disponible,S/667,S/489,26% OFF,https://http2.mlstatic.com/D_Q_NP_2X_641877-MPE83876198526_042025-AB.webp
Monitor Gamer LG Con Pantalla De 27  220v Y Resolución Full Hd,LG,No disponible,No disponible,No disponible,"S/892,94","S/642,91",28% OFF,https://http2.mlstatic.com/D_Q_NP_2X_616344-MLA80680597637_112024-AB.webp
Creatina Monohidratada 1 Kg [200 Servicios] - Importado,DIETARY SUPPLEMENTS,Por Tersus ,4.9,(11),S/150,S/111,26% OFF,https://http2.mlstatic.com/D_Q_NP_2X_926521-MPE82004617901_012025-AB-creatina-monohidratada-1-kg-200-servicios-importado.webp
Zte Blade V60 Smart 256 Gb Negro 4 Gb Ram,ZTE,Por ZTE ,4.7,(108),S/499,S/349,30% OFF,https://http2.mlstatic.com/D_Q_NP_2X_951044-MLA84856699671_052025-AB.webp
Xb X-burn Pack 15x2 Quemador De Grasa +regalo Tienda Fisica,UNIVERSE NUTRITION,Por Nutrigame ,4.9,(72),S/70,"S/39,90",43% OFF,https://http2.mlstatic.com/D_Q_NP_2X_659351-MPE77362556713_062024-AB-xb-x-burn-pack-15x2-quemador-de-grasa-regalo-tienda-fisica.webp
"Xiaomi Redmi Note 14 8gb Ram 256gb Amoled 6,67 Cámara 108mp Azul",XIAOMI,No disponible,4.8,(114),S/1.182,"S/709,20",40% OFF,https://http2.mlstatic.com/D_Q_NP_2X_816197-MLA84847202591_052025-AB.webp
Impresora Multifunción A Color Hp Smart Tank 750 Con Wifi 220v,HP,Por HP Store ,4.6,(13),S/1.599,S/999,37% OFF,https://http2.mlstatic.com/D_Q_NP_2X_930488-MLA83740592938_042025-AB.webp
Cama Donut Antialérgica Para Mascotas Perros Gatos - S Beige Beige,QUÉ PATAS PET SHOP,Por Que Patas Pet Shop ,No disponible,No disponible,"S/73,49",S/39,46% OFF,https://http2.mlstatic.com/D_Q_NP_2X_787544-MPE85025783563_052025-AB.webp
Audífonos Inalámbricos Xiaomi Redmi Buds 5 Pro Color Negro,XIAOMI,No disponible,4.7,(464),S/312,S/214,31% OFF,https://http2.mlstatic.com/D_Q_NP_2X_809993-MLA84846925561_052025-AB.webp
Laptop Asus Tuf Gaming A15 R5 8gb 512gb Rtx3050 4gb W11 15'',ASUS,Por Asus ,4.5,(12),S/3.237,S/2.699,16% OFF,https://http2.mlstatic.com/D_Q_NP_2X_915984-MPE81667475566_012025-AB-laptop-asus-tuf-gaming-a15-r5-8gb-512gb-rtx3050-4gb-w11-15.webp
Zinc Picolinate Solgar 22mg 100tab,SOLGAR,Por Lab Nutrition ,4.8,(13),S/119,"S/97,90",17% OFF,https://http2.mlstatic.com/D_Q_NP_2X_967631-MPE49999938520_052022-AB.webp
Escritorio Gamer Moderno Madesa Para Pc Y Consola - Negro,MADESA,Por MADESA ,4.7,(101),S/479,S/317,33% OFF,https://http2.mlstatic.com/D_Q_NP_2X_964910-MLU72628077554_112023-AB.webp
"Haylou S30 Pro Anc Audífonos Diadema Gamer Inalámbricos/con Micrófono, Bluetooth 5.4, Llamadas Manos Libres, Cancelación De Ruido Adaptativa De - 43db, Controlador 40mm, 80h Reproducción, Azul Oscuro",HAYLOU,Por Orrohome ,5.0,(1),S/259,S/139,46% OFF,https://http2.mlstatic.com/D_Q_NP_2X_972561-MLU77243949115_062024-AB.webp
Creatina Monohidratada 1 Kg Ultimate Nutrition  Sin Sabor,ULTIMATE NUTRITION,Por Nutrigame ,4.8,(177),S/279,"S/206,46",26% OFF,https://http2.mlstatic.com/D_Q_NP_2X_836852-MLU75148988058_032024-AB.webp
Xiaomi Poco Poco X6 Pro 5g Dual Sim 512 Gb Gris 12 Gb Ram,XIAOMI,No disponible,4.8,(739),S/1.915,S/1.149,40% OFF,https://http2.mlstatic.com/D_Q_NP_2X_999948-MLA84855183067_052025-AB.webp
Mueble De Cocina Integral Madesa Glamy 270cm Marrón 13,MADESA,Por MADESA ,No disponible,No disponible,S/3.999,S/2.389,40% OFF,https://http2.mlstatic.com/D_Q_NP_2X_827359-MLU78094028136_082024-AB.webp
Bange-1908a Upgraded Version Large Capacity Backpack Color Gris Diseño De La Tela Liso,BANGE,Por Bange ,4.9,(161),S/248,S/205,17% OFF,https://http2.mlstatic.com/D_Q_NP_2X_906645-MLU77903997677_072024-AB.webp
Apple AirPods 4,APPLE,Por Apple ,No disponible,No disponible,"S/743,34",S/669,10% OFF,https://http2.mlstatic.com/D_Q_NP_2X_761492-MPE83156859797_032025-AB-apple-airpods-4.webp
Lápiz Óptico Stylus Pro Zagg Para iPad Con Carga Inalámbrica,ZAGG,Por VP Trends ,4.8,(32),"S/549,90","S/197,96",64% OFF,https://http2.mlstatic.com/D_Q_NP_2X_667831-MPE71835093343_092023-AB-lapiz-optico-stylus-pro-zagg-para-ipad-con-carga-inalambrica.webp
Smart Tv Tcl 43p635 43'' 4k Led,TCL,No disponible,4.6,(22),S/899,"S/791,12",12% OFF,https://http2.mlstatic.com/D_Q_NP_2X_831258-MLA82199612134_022025-AB.webp
Bravecto Msd Pulgas Y Garrapatas 10 Kg 20 Kg 1 Comprimido,BRAVECTO,Por Lumpet ,4.9,(287),"S/143,60",S/97,32% OFF,https://http2.mlstatic.com/D_Q_NP_2X_932617-MLA84492033465_052025-AB.webp
Cel Samsung A56 12 Gb Ram 256 Gb 5g 6.7 Pulgadas Negro,SAMSUNG,No disponible,4.8,(13),S/2.582,S/1.549,40% OFF,https://http2.mlstatic.com/D_Q_NP_2X_800005-MLA83623281227_042025-AB.webp
Impresora A Color Multifunción Epson Ecotank L8160 Wifi Color Blanco/negro,EPSON,Por Epson ,5.0,(2),S/2.799,S/2.149,23% OFF,https://http2.mlstatic.com/D_Q_NP_2X_815767-MLA84837717807_052025-AB.webp
Consola Switch Oled Neon+ Mario Jamboree+ Mario Kart 8+ Ctr,NINTENDO,Por Game Center ,No disponible,No disponible,S/2.493,S/1.745,30% OFF,https://http2.mlstatic.com/D_Q_NP_2X_692748-MPE81402088428_122024-AB-consola-switch-oled-neon-mario-jamboree-mario-kart-8-ctr.webp
Zkteco Zkam10a-slave Antena Magnética Esclavo Eas 58khz Mono,ZKTECO,Por ZKTeco ,No disponible,No disponible,S/2.909,S/1.861,36% OFF,https://http2.mlstatic.com/D_Q_NP_2X_969212-MPE76358115504_052024-AB-zkteco-zkam10a-slave-antena-magnetica-esclavo-eas-58khz-mono.webp
Televisor Samsung  Smart Tv 65  Crystal Uhd 4k Un65du7000gxp,SAMSUNG,Por Electrodomesticos Jared ,No disponible,No disponible,S/2.627,S/1.759,33% OFF,https://http2.mlstatic.com/D_Q_NP_2X_780657-MLU77622477358_072024-AB-televisor-samsung-smart-tv-65-crystal-uhd-4k-un65du7000gxp.webp
Creabolic Un 1kg Sabor Natural,UN,Por Selltech ,4.7,(113),S/250,"S/124,20",50% OFF,https://http2.mlstatic.com/D_Q_NP_2X_934261-MLU75748307265_042024-AB.webp
Barra Led Neblinero 27 Cm Slim 102w Blanco Auto Camioneta,LUX LED,Por Torettos Market ,5.0,(1),S/55,"S/30,80",44% OFF,https://http2.mlstatic.com/D_Q_NP_2X_794181-MPE52965213141_122022-AB-barra-led-neblinero-27-cm-slim-102w-blanco-auto-camioneta.webp
Apple iPhone 13 (128 Gb) - Blanco Estelar,APPLE,No disponible,4.8,(581),S/3.282,S/1.969,40% OFF,https://http2.mlstatic.com/D_Q_NP_2X_736168-MLA47781742030_102021-AB.webp
Audífono Inalambrico Sony Wf-c510 Negro True Wireless,SONY,Por Ofertec ,No disponible,No disponible,"S/245,71",S/159,35% OFF,https://http2.mlstatic.com/D_Q_NP_2X_929615-MPE81873635140_012025-AB-audifono-inalambrico-sony-wf-c510-negro-true-wireless.webp
Set 40 Kilos Pesas + Mancuernas + Adaptador De Barra Recta,1FIT,No disponible,4.9,(16),S/290,"S/217,50",25% OFF,https://http2.mlstatic.com/D_Q_NP_2X_923148-MPE81164661633_122024-AB-set-40-kilos-pesas-mancuernas-adaptador-de-barra-recta.webp
"Monitor Asus Tuf Gaming Vg249q3a Fhd 180hz Fast Ips, 1ms Gtg Color Negro",ASUS,Por PC YA Empresarial ,4.7,(49),S/990,S/609,38% OFF,https://http2.mlstatic.com/D_Q_NP_2X_858111-MLU73902867583_012024-AB.webp
Cocina Electrolux Freestanding A Gas Con 5 Quemadores De Tri,ELECTROLUX,Por Electrolux ,No disponible,No disponible,S/2.799,S/1.549,44% OFF,https://http2.mlstatic.com/D_Q_NP_2X_607759-MPE79056140080_092024-AB-cocina-electrolux-freestanding-a-gas-con-5-quemadores-de-tri.webp
"Hp Desktop Curvo 800g5, Ram 16gb Intel I7-9700, 1tb Hdd",HP,No disponible,No disponible,No disponible,S/1.799,S/1.529,15% OFF,https://http2.mlstatic.com/D_Q_NP_2X_620224-MPE83305693014_042025-AB.webp
Sony Playstation 5 Slim 1tb Con Lector De Discos Color Blanco,SONY,No disponible,4.8,(20),S/2.274,S/2.174,4% OFF,https://http2.mlstatic.com/D_Q_NP_2X_798850-MLA74916075826_032024-AB.webp
"Aspiradora Vertical Y De Mano, 2 En 1 Deerma Dx118c, 15000kpa, Filtro Hepa, Ergonómica Con 3 Cepillos",DEERMA,Por Deerma ,4.5,(85),S/299,S/109,63% OFF,https://http2.mlstatic.com/D_Q_NP_2X_982611-MLU79061707092_092024-AB.webp
Samsung Galaxy A56 5g Dual Sim 256gb 8gb Ram Gris,SAMSUNG,No disponible,4.8,(13),S/2.499,S/1.499,40% OFF,https://http2.mlstatic.com/D_Q_NP_2X_716934-MLA84846525955_052025-AB.webp
"Sistema Wi-fi Google Nest De 1 Ronda, 2 Puntos, Listo Para Color Nieve, 220 V",GOOGLE,No disponible,No disponible,No disponible,S/2.112,S/1.690,20% OFF,https://http2.mlstatic.com/D_Q_NP_2X_896573-MLU73022002247_112023-AB.webp
Taladro Percutor Stanley Sdh600 Amarillo + Caja De 19 Pulgadas+ Brocas,STANLEY,Por Stanley ,5.0,(2),"S/169,90",S/109,35% OFF,https://http2.mlstatic.com/D_Q_NP_2X_984016-MLA84315273958_052025-AB.webp
Iso Whey 90 5 Kg Proteina Isolatada +shaker - Tienda Fisica,UN,Por Nutrigame ,4.8,(311),"S/465,90","S/344,76",26% OFF,https://http2.mlstatic.com/D_Q_NP_2X_974896-MLA78974731615_092024-AB-iso-whey-90-5-kg-proteina-isolatada-shaker-tienda-fisica.webp
Estante Organizador Truper Pvc 5 Niveles Soporta 340 Kg,No disponible,Por Jota Store ,4.9,(49),S/213,"S/152,50",28% OFF,https://http2.mlstatic.com/D_Q_NP_2X_819851-MPE81872630262_012025-AB-estante-organizador-truper-pvc-5-niveles-soporta-340-kg.webp
Laptop Lenovo Ideapad Slim 14  Core I5 Ram 16gb Ssd 512gb,LENOVO,Por Lenovo ,4.5,(2),S/3.399,S/2.599,23% OFF,https://http2.mlstatic.com/D_Q_NP_2X_958114-MPE82983185469_032025-AB-laptop-lenovo-ideapad-slim-14-core-i5-ram-16gb-ssd-512gb.webp
Apple iPhone 15 128 Gb Negro,APPLE,No disponible,4.8,(639),S/3.277,S/2.785,15% OFF,https://http2.mlstatic.com/D_Q_NP_2X_779617-MLA71782867320_092023-AB.webp
Sistema Wi-fi Mesh Tp-link Deco X60 V3 Blanco Pack X 2 Unidades,TP-LINK,No disponible,5.0,(24),S/973,"S/778,40",20% OFF,https://http2.mlstatic.com/D_Q_NP_2X_759325-MLA51616434738_092022-AB.webp
Audífono C/microf. Razer Barracuda X 2022 Wireless 7.1 Black Color Negro Luz Na,RAZER,Por Razer ,4.7,(118),"S/415,56",S/349,16% OFF,https://http2.mlstatic.com/D_Q_NP_2X_798766-MLU75210745020_032024-AB.webp
Lijadora Safari Bd-46n Banda Y Disco 150mm 1000opm,SAFARI,Por VENTAS Y OFERTAS ,4.6,(19),S/636,S/499,21% OFF,https://http2.mlstatic.com/D_Q_NP_2X_944794-MPE32063702706_092019-AB-lijadora-safari-bd-46n-banda-y-disco-150mm-1000opm.webp
Adaptador De Corriente Apple A2244 Usb-c Blanco 20w - Distribuidor Autorizado,APPLE,Por Apple ,4.9,(117),"S/119,32",S/79,33% OFF,https://http2.mlstatic.com/D_Q_NP_2X_972466-MLA51824396603_102022-AB.webp
Nexxt Solutions Smart Wifi Led Color Bulb Led 220v,NEXXT,Por DROITEC ,4.8,(78),S/170,S/85,50% OFF,https://http2.mlstatic.com/D_Q_NP_2X_934065-MLC51722185593_092022-AB.webp
Cocina Encimera Vidrio Templado Sole Gas 77cm 3120solco058v2 Color Negro,SOLE,Por Sole ,4.8,(5),S/1.490,S/1.247,16% OFF,https://http2.mlstatic.com/D_Q_NP_2X_900424-MLU76535424086_052024-AB.webp
Zinc Picolinate Solgar 22mg 100tab,SOLGAR,Por Lab Nutrition ,4.8,(13),S/119,"S/97,90",17% OFF,https://http2.mlstatic.com/D_Q_NP_2X_967631-MPE49999938520_052022-AB.webp
Lentes Realidad Virtual Oculus Meta Quest 3s 128gb Color Blanco Y Batman: Arkham Shadow,META,No disponible,4.7,(23),S/1.616,S/1.525,5% OFF,https://http2.mlstatic.com/D_Q_NP_2X_612004-MLA80224352816_112024-AB.webp
Barra De Sonido Dolby Atmos 3.1.2 Inalámbrica S800d Ultradel,SAMSUNG,Por Samsung ,5.0,(1),S/1.999,S/1.199,40% OFF,https://http2.mlstatic.com/D_Q_NP_2X_740171-MPE80700286257_112024-AB-barra-de-sonido-dolby-atmos-312-inalambrica-s800d-ultradel.webp
Xiaomi Mi Redmi Power Bank 18w 20000 Mah // Color Negro,XIAOMI,Por CASEMOTIONS PE ,4.8,(1246),"S/120,90","S/72,54",40% OFF,https://http2.mlstatic.com/D_Q_NP_2X_924325-MLA84554046258_052025-AB.webp
55'' Crystal Uhd Du7000 4k Tizen Os Smart Tv (2024),SAMSUNG,Por Samsung ,4.6,(5),S/1.999,S/1.199,40% OFF,https://http2.mlstatic.com/D_Q_NP_2X_968411-MPE76027802700_052024-AB-55-crystal-uhd-du7000-4k-tizen-os-smart-tv-2024.webp
Nitro Tech 100% Whey Gold 5lb Sabor Strawberry Shortcake,MUSCLETECH,Por Lab Nutrition ,4.8,(176),S/399,"S/259,90",34% OFF,https://http2.mlstatic.com/D_Q_NP_2X_811422-MLU70573043635_072023-AB.webp
Set De 2 Mancuernas + Barra 3 En 1 + 20 Kg En Pesas Randers Color Negro,RANDERS,No disponible,4.9,(32),S/213,"S/151,23",29% OFF,https://http2.mlstatic.com/D_Q_NP_2X_609343-MLU76174467805_052024-AB.webp
Xiaomi Redmi Note 14 Pro 5g Verde 256gb 8ram,XIAOMI,No disponible,5.0,(5),S/1.758,S/1.054,40% OFF,https://http2.mlstatic.com/D_Q_NP_2X_803703-MLA84539859994_052025-AB.webp
Onn. Uhd Streaming Device Google Tv 4k Con Control Remoto Con Voz Mediante Google Assistant 2gb Ram Versión 2023,ONN.,Por CASEMOTIONS PE ,4.7,(581),S/219,S/149,31% OFF,https://http2.mlstatic.com/D_Q_NP_2X_747838-MLA48870369459_012022-AB.webp
Harman Kardon Go + Play 3 Bocina Inalámbrica Negro,HARMAN KARDON,Por ARTEUS ,5.0,(1),S/1.937,S/1.239,36% OFF,https://http2.mlstatic.com/D_Q_NP_2X_912107-MPE79519249231_092024-AB-harman-kardon-go-play-3-bocina-inalambrica-negro.webp
Samsung Galaxy Fit3 En Caja,SAMSUNG,Por Samsung ,4.8,(30),S/249,S/169,32% OFF,https://http2.mlstatic.com/D_Q_NP_2X_849576-MLU74791028560_032024-AB.webp
"Laptop Lenovo V15 G4 Amd Ryzen 3 7320u, 8gb 256gb, 15.6 Fhd Color Gris",LENOVO,No disponible,No disponible,No disponible,S/1.580,S/1.185,25% OFF,https://http2.mlstatic.com/D_Q_NP_2X_945067-MLA81539891261_122024-AB.webp
Set De Herramientas Manuales 109pza C/estuche Pretul Set-109,PRETUL,Por Corporacion Ferremax ,4.9,(7),"S/206,80",S/156,24% OFF,https://http2.mlstatic.com/D_Q_NP_2X_936377-MLA79169543372_092024-AB.webp
Celular Redmi 14c 4gb Ram 256gb Rom Negro Medianoche,XIAOMI,Por Tai Loy ,4.8,(4),S/699,S/399,42% OFF,https://http2.mlstatic.com/D_Q_NP_2X_698485-MPE81031662413_112024-AB-celular-redmi-14c-4gb-ram-256gb-rom-negro-medianoche.webp
Glutathione Nutricost Original 500mg 240 Cápsulas,NUTRICOST,Por Bay Natural ,4.8,(64),S/134,"S/99,16",26% OFF,https://http2.mlstatic.com/D_Q_NP_2X_607601-MLA54775686783_032023-AB.webp
Teclado Gamer Logitech G915 X Bt Rgb Mechanical Black,LOGITECH,Por Game Center ,No disponible,No disponible,S/1.293,S/905,30% OFF,https://http2.mlstatic.com/D_Q_NP_2X_804475-MPE81434598442_122024-AB-teclado-gamer-logitech-g915-x-bt-rgb-mechanical-black.webp
Cama Kaia / 2 Plazas - Wengue / Miel,RTA DESIGN,Por Tuhome ,No disponible,No disponible,S/1.399,S/890,36% OFF,https://http2.mlstatic.com/D_Q_NP_2X_903885-MPE83748071466_042025-AB-cama-kaia-2-plazas-wengue-miel.webp
Airtags Apple Localizador 2021 Pack 4 Entrega Inmediata!,APPLE,No disponible,4.9,(13),S/499,"S/419,16",16% OFF,https://http2.mlstatic.com/D_Q_NP_2X_793248-MPE45869372706_052021-AB-airtags-apple-localizador-2021-pack-4-entrega-inmediata.webp
Bocina Jbl On The Go Essential Portátil Con Bluetooth Waterproof Negra 220v,JBL,Por Ofertec ,No disponible,No disponible,S/1.498,S/1.139,24% OFF,https://http2.mlstatic.com/D_Q_NP_2X_786093-MLA80514839185_112024-AB.webp
Micrófono Audio-technica At2020 Condensador Cardioide Color Negro,AUDIO-TECHNICA,Por Mag Audio Peru ,5.0,(15),S/509,"S/391,93",23% OFF,https://http2.mlstatic.com/D_Q_NP_2X_984742-MLA74782754983_022024-AB.webp
Samsung Galaxy A56 5g 256 Gb 8 Gb Ram Negro,SAMSUNG,No disponible,4.8,(13),S/2.499,S/1.499,40% OFF,https://http2.mlstatic.com/D_Q_NP_2X_851258-MLA82769291178_032025-AB.webp
Ksm 66 Extracto Raiz Ashwagandha X 600 Mg X 60 Caps Usa Sabor Neutro,NUTRICOST,No disponible,4.7,(199),S/149,"S/92,38",38% OFF,https://http2.mlstatic.com/D_Q_NP_2X_840276-MLU75124616107_032024-AB.webp
Aire Acondicionado Noblex Nsc12dcw-216bpe Frío 12000btu Color Blanco,NOBLEX,Por Tienda newsan ,No disponible,No disponible,S/1.641,S/999,39% OFF,https://http2.mlstatic.com/D_Q_NP_2X_636905-MLA81981855393_012025-AB.webp
Zapatillas Puma Hombre Smash 3.0 L 390987 04 Negro,PUMA,Por Puma ,5.0,(2),"S/199,90","S/139,93",30% OFF,https://http2.mlstatic.com/D_Q_NP_2X_662500-MPE74534682831_022024-AB-zapatillas-puma-hombre-smash-30-l-390987-04-negro.webp
Mochila Deportiva Bange 1908 Grande Para Hombres Y Mujeres 40 Litros Color Azul Lisa,BANGE,Por Bange ,4.9,(161),S/248,S/205,17% OFF,https://http2.mlstatic.com/D_Q_NP_2X_953892-MLA81620662719_122024-AB.webp
Audífonos Inalámbricos Huawei Freelace Pro 2 | Neckband Color Negro Luz Negro,HUAWEI,Por Huawei Distribuidor Autorizado ,4.7,(23),S/399,S/349,12% OFF,https://http2.mlstatic.com/D_Q_NP_2X_993554-MLA84540268330_052025-AB.webp
Xiaomi Redmi Note 14 Pro Plus 5g 512gb Negro 12gb,XIAOMI,No disponible,No disponible,No disponible,S/2.499,S/1.499,40% OFF,https://http2.mlstatic.com/D_Q_NP_2X_774835-MPE83076189888_032025-AB-xiaomi-redmi-note-14-pro-plus-5g-512gb-negro-12gb.webp
Macbook Air 13' Chip M4 | 16gb Ram 256gb | Teclado Americano,APPLE,Por Cases World ,5.0,(11),S/5.352,S/4.449,16% OFF,https://http2.mlstatic.com/D_Q_NP_2X_602284-MPE83059251813_032025-AB-macbook-air-13-chip-m4-16gb-ram-256gb-teclado-americano.webp
Deerma Aspiradoras Dx700s 0.8l Negro 220v 600w,DEERMA,Por Deerma ,4.8,(19),S/469,S/199,57% OFF,https://http2.mlstatic.com/D_Q_NP_2X_753682-MLU76665090853_052024-AB.webp
Mueble De Cocina Madesa Glamy 150cm Marrón Blanco,MADESA,Por MADESA ,No disponible,No disponible,S/999,S/729,27% OFF,https://http2.mlstatic.com/D_Q_NP_2X_742167-MLU73267336195_122023-AB.webp
100% Hydrolyzed 5lb Sabor Vainilla,LAB NUTRITION,Por INTERSPORT ,4.7,(66),S/459,S/328,28% OFF,https://http2.mlstatic.com/D_Q_NP_2X_792370-MLU76355507896_052024-AB.webp
Jbl Charge 6 Negro 45w Parlante Bluetooth Portátil 28h Ip68,JBL,Por Ofertec ,No disponible,No disponible,"S/998,76",S/759,24% OFF,https://http2.mlstatic.com/D_Q_NP_2X_838842-MPE84358644700_052025-AB-jbl-charge-6-negro-45w-parlante-bluetooth-portatil-28h-ip68.webp
Nitro Tech 100% Whey Gold 5lb,MUSCLETECH,Por Lab Nutrition ,4.8,(47),S/399,"S/259,90",34% OFF,https://http2.mlstatic.com/D_Q_NP_2X_984802-MLU77967066198_082024-AB.webp
Bange 1908 Mochila Viajera Urbana Color Negro 37l,BANGE,Por Bange ,4.9,(153),S/248,S/205,17% OFF,https://http2.mlstatic.com/D_Q_NP_2X_866522-MLA53827525822_022023-AB.webp
Zte Blade V60 Smart 256 Gb Negro 4 Gb Ram,ZTE,Por ZTE ,4.7,(108),S/499,S/349,30% OFF,https://http2.mlstatic.com/D_Q_NP_2X_951044-MLA84856699671_052025-AB.webp
Audifono Inalambrico Jbl Vibe Beam Bluetooth True Wireless,JBL,Por Ofertec ,4.5,(2),S/270,S/175,35% OFF,https://http2.mlstatic.com/D_Q_NP_2X_804949-MPE75183856811_032024-AB-audifono-inalambrico-jbl-vibe-beam-bluetooth-true-wireless.webp
Terma Instantánea Rotoplas New Compact Silver 2.3 Psi,ROTOPLAS,Por Rotoplas ,4.8,(10),"S/479,90",S/292,39% OFF,https://http2.mlstatic.com/D_Q_NP_2X_806930-MPE74061856433_012024-AB-terma-instantanea-rotoplas-new-compact-silver-23-psi.webp
Nivel Laser Nivelox Gll 3x Bosch + Medidor Glm 20 Bosch,BOSCH,Por Vultec ,No disponible,No disponible,"S/762,90","S/589,90",22% OFF,https://http2.mlstatic.com/D_Q_NP_2X_881273-MLA84548000288_052025-AB.webp
Isoject Aislada Filtrada Al Frio 1.8kg Evogen + Shaker,EVOGEN,Por XL Nutrition ,5.0,(2),S/475,"S/351,50",26% OFF,https://http2.mlstatic.com/D_Q_NP_2X_901301-MPE83991701056_052025-AB-isoject-aislada-filtrada-al-frio-18kg-evogen-shaker.webp
Kit X4 Amortiguadores Monroe Para Volkswagen Gol Sedán 2017,MONROE,Por Monroe ,No disponible,No disponible,S/600,"S/548,63",8% OFF,https://http2.mlstatic.com/D_Q_NP_2X_942610-MPE83729109075_042025-AB-kit-x4-amortiguadores-monroe-para-volkswagen-gol-sedan-2017.webp
"Plancha De Vapor Para Ropa Xiaomi Zanjia Lofans Gt-301w, 220 V, Color Blanco",XIAOMI,No disponible,4.8,(27),"S/193,75","S/153,06",21% OFF,https://http2.mlstatic.com/D_Q_NP_2X_848311-MLU75728822434_042024-AB.webp
"Honor Magic 7 Lite, 108 Mp, 256gb, 8gb + Balanza Smart",HONOR,No disponible,No disponible,No disponible,S/1.699,S/1.257,26% OFF,https://http2.mlstatic.com/D_Q_NP_2X_967661-MPE84555070267_052025-AB-honor-magic-7-lite-108-mp-256gb-8gb-balanza-smart.webp
Sony Audífonos Inalámbricos Noise Cancelling In Ear Wf-c710n Azul,SONY,Por Sony ,5.0,(1),S/379,S/299,21% OFF,https://http2.mlstatic.com/D_Q_NP_2X_658878-MLA83890785293_042025-AB.webp
Pole Dance Fitness Estatico Y Giratorio,SPORTFITNESS,Por Sport Fitness ,5.0,(1),S/719,"S/539,25",25% OFF,https://http2.mlstatic.com/D_Q_NP_2X_968575-MPE74718326329_022024-AB.webp
Proteina Isolate Iso Xp 1.8kg Applied Nutrition Tienda Fisic,APPLIED NUTRITION,Por Nutrigame ,4.8,(26),"S/470,70","S/348,32",26% OFF,https://http2.mlstatic.com/D_Q_NP_2X_820442-MPE73329705113_122023-AB-proteina-isolate-iso-xp-18kg-applied-nutrition-tienda-fisic.webp
Sensibio Gel Moussant 200ml Bioderma,BIODERMA,Por Dermotienda Shopping ,4.9,(29),"S/94,90","S/68,60",27% OFF,https://http2.mlstatic.com/D_Q_NP_2X_977127-MPE83416531176_042025-AB.webp
Zapatillas Puma Hombre Deviate Nitro 3 309707 05 Azul,PUMA,Por Puma ,5.0,(2),"S/699,90",S/336,51% OFF,https://http2.mlstatic.com/D_Q_NP_2X_841943-MPE82199633785_012025-AB-zapatillas-puma-hombre-deviate-nitro-3-309707-05-azul.webp
Máquina De Soldar Mig 200amp Xtd Suelda Sin Gas + Máscara,XTD,No disponible,5.0,(2),S/819,"S/565,11",31% OFF,https://http2.mlstatic.com/D_Q_NP_2X_986141-MPE82122851482_022025-AB-maquina-de-soldar-mig-200amp-xtd-suelda-sin-gas-mascara.webp
Mouse Gamer Logitech G502 X Plus 25k Dpi Lightforce Rgb Color Negro,LOGITECH G,No disponible,4.9,(81),"S/617,99","S/562,37",9% OFF,https://http2.mlstatic.com/D_Q_NP_2X_943095-MLU72628858012_112023-AB.webp
Philips Hue Barra De Luz Play Inteligente 6.6w Bluetooth,PHILIPS HUE,Por Philips Hue ,5.0,(1),S/429,S/269,37% OFF,https://http2.mlstatic.com/D_Q_NP_2X_810440-MPE79305118627_092024-AB-philips-hue-barra-de-luz-play-inteligente-66w-bluetooth.webp
Balanza Omron Hbf-514c - Nuevo Caja Sellada !!,OMRON,No disponible,4.8,(36),S/669,"S/489,12",26% OFF,https://http2.mlstatic.com/D_Q_NP_2X_874666-MPE32618826429_102019-AB.webp
Unidad Estado Solido Kingston Ssd Sxs1000 Externo 2tb Usb 3.2 Color Negro,KINGSTON,No disponible,4.8,(26),S/779,"S/514,14",34% OFF,https://http2.mlstatic.com/D_Q_NP_2X_947197-MLA84838335035_052025-AB.webp
Samsung Galaxy S24 Ultra 5g Dual Sim 256 Gb Titanium Gray 12 Gb Ram,SAMSUNG,No disponible,4.8,(330),S/6.099,S/3.659,40% OFF,https://http2.mlstatic.com/D_Q_NP_2X_706152-MLA74088396736_012024-AB.webp
Suplemento En Polvo Dymatize Iso-100 Proteína En Pote De 2.3kg Sabor Fruity Pebbles,DYMATIZE,No disponible,3.6,(15),S/660,"S/488,40",26% OFF,https://http2.mlstatic.com/D_Q_NP_2X_940471-MLU70527493027_072023-AB.webp
Ultimate Mist Discovery Set Victoria Secret 75 Ml,VICTORIA'S SECRET,No disponible,5.0,(1),S/619,"S/507,58",18% OFF,https://http2.mlstatic.com/D_Q_NP_2X_822718-MLA81993747147_012025-AB.webp
Renöva+ - Colágeno Hidrolizado Con Biopéptidos Activos Berries,RENÖVA+,No disponible,5.0,(1),"S/179,99","S/143,99",20% OFF,https://http2.mlstatic.com/D_Q_NP_2X_708428-MPE83876204898_042025-AB.webp
Nexxt Solutions Smart Wifi Led Color Bulb Led 220v,NEXXT,Por DROITEC ,4.8,(77),S/170,S/85,50% OFF,https://http2.mlstatic.com/D_Q_NP_2X_934065-MLC51722185593_092022-AB.webp
Audífonos Inalámbricos Huawei Freebuds Pro 4 Color Negro,HUAWEI,Por Coolbox ,4.6,(10),"S/799,90","S/559,93",30% OFF,https://http2.mlstatic.com/D_Q_NP_2X_864892-MLA84539732464_052025-AB.webp
Fire Tv Stick Lite 2da Gen. Con Botones Amazon Streaming Color Negro,AMAZON,Por Ofertec ,4.7,(203),"S/212,86","S/141,55",33% OFF,https://http2.mlstatic.com/D_Q_NP_2X_905292-MLU78161139406_082024-AB.webp
"Audífonos Inalámbricos Sony Wh-ch720n, Color Azul",SONY,Por Sony ,4.8,(518),S/429,S/279,34% OFF,https://http2.mlstatic.com/D_Q_NP_2X_824084-MLA84546861138_052025-AB.webp
Polar Columbia Hombre Klamath Range Negro,COLUMBIA,Por Columbia ,No disponible,No disponible,S/189,"S/132,29",30% OFF,https://http2.mlstatic.com/D_Q_NP_2X_628082-MPE80791330853_112024-AB-polar-columbia-hombre-klamath-range-negro.webp
Apple iPhone 16 (128 Gb) - Rosa,APPLE,No disponible,4.8,(251),S/3.979,S/3.063,23% OFF,https://http2.mlstatic.com/D_Q_NP_2X_697833-MLU79129664311_092024-AB.webp
Rack Soporte Ergonómico Para Monitor Escritorio North Bayou Color Negro,NORTH BAYOU,Por North Bayou ,4.9,(82),S/209,"S/135,85",35% OFF,https://http2.mlstatic.com/D_Q_NP_2X_803450-MLU72700167007_112023-AB.webp
Proteína Gold Standard 100% Whey 5lb + Creatina Monohidrato Sabor Double Rich Chocolate + Creatina On 300 Gr,OPTIMUM NUTRITION,Por Nutrigame ,4.8,(4),"S/631,08",S/467,26% OFF,https://http2.mlstatic.com/D_Q_NP_2X_770884-MLA79583790512_102024-AB.webp
Nutricost Selenio Selenium 200 Mcg Importado Capsulas,NUTRICOST,No disponible,4.9,(19),"S/88,50","S/78,76",11% OFF,https://http2.mlstatic.com/D_Q_NP_2X_787576-MPE49801451302_042022-AB.webp
"Honor Magic 7 Lite, 108 Mp, 256gb, 8gb + Balanza Smart",HONOR,No disponible,No disponible,No disponible,S/1.699,S/1.257,26% OFF,https://http2.mlstatic.com/D_Q_NP_2X_967661-MPE84555070267_052025-AB-honor-magic-7-lite-108-mp-256gb-8gb-balanza-smart.webp
"Haylou S30 Pro Anc Audífonos Diadema Gamer Inalámbricos/con Micrófono, Bluetooth 5.4, Llamadas Manos Libres, Cancelación De Ruido Adaptativa De - 43db, Controlador 40mm, 80h Reproducción, Azul Oscuro",HAYLOU,Por Orrohome ,5.0,(1),S/259,S/139,46% OFF,https://http2.mlstatic.com/D_Q_NP_2X_972561-MLU77243949115_062024-AB.webp
Cerave Sa Smoothing Cream - 340ml,CERAVE,Por Cerave ,5.0,(9),"S/113,90","S/87,80",22% OFF,https://http2.mlstatic.com/D_Q_NP_2X_701085-MPE82461517073_022025-AB-cerave-sa-smoothing-cream-340ml.webp
Escalera Multiposición 16 Peldaños Truper - Soporta 200 Kg,TRUPER,Por Corporacion Ferremax ,4.8,(12),"S/623,27",S/469,24% OFF,https://http2.mlstatic.com/D_Q_NP_2X_835641-MPE69995911686_062023-AB-escalera-multiposicion-16-peldanos-truper-soporta-200-kg.webp
Pisos Bandeja 3d Hyundai Accent 2011 2014 2017 2021 2023 ,GENÉRICA,No disponible,No disponible,No disponible,S/490,S/456,6% OFF,https://http2.mlstatic.com/D_Q_NP_2X_838282-MPE79680936957_102024-AB-pisos-bandeja-3d-hyundai-accent-2011-2014-2017-2021-2023.webp
Escurridor De Platos Dos Niveles Drenaje Agua Hogar Detalles,HOGAR DETALLES,No disponible,4.4,(12),S/159,S/128,19% OFF,https://http2.mlstatic.com/D_Q_NP_2X_840311-MPE81947082408_022025-AB-escurridor-de-platos-dos-niveles-drenaje-agua-hogar-detalles.webp
Apple iPhone 16 (128 Gb) - Verde Azulado,APPLE,No disponible,4.8,(251),S/3.979,S/3.063,23% OFF,https://http2.mlstatic.com/D_Q_NP_2X_880148-MLU78878920462_092024-AB.webp
Proteína Universe Nutrition Whey Pro 5kg,UNIVERSE NUTRITION,Por Selltech ,5.0,(2),S/250,"S/139,60",44% OFF,https://http2.mlstatic.com/D_Q_NP_2X_823166-MPE78277162615_082024-AB-proteina-universe-nutrition-whey-pro-5kg.webp
"Preservativos Piel Clasico, Caja X 72 Unidades.",PIEL,No disponible,4.5,(20),S/77,"S/53,90",30% OFF,https://http2.mlstatic.com/D_Q_NP_2X_651637-MLA81956640432_022025-AB.webp
Teclado Logitech Combo Touch iPad Pro 11  2020 - 2021 !**!,LOGITECH,Por Wienerstech ,4.9,(17),S/649,S/379,41% OFF,https://http2.mlstatic.com/D_Q_NP_2X_682733-MPE51290677218_082022-AB-teclado-logitech-combo-touch-ipad-pro-11-2020-2021-.webp
Campana Extractora De Utilitaria 60cm Mabe Cmu6020pb0 Color Negro,MABE,Por Mabe ,4.6,(28),S/439,"S/275,90",37% OFF,https://http2.mlstatic.com/D_Q_NP_2X_997236-MLU75359206527_032024-AB.webp
Teclado Mecánico Inalámbrico Keychron K8 Para Mac Con Retroi,KEYCHRON,No disponible,No disponible,No disponible,"S/573,42",S/453,21% OFF,https://http2.mlstatic.com/D_Q_NP_2X_653437-MLA81390513491_122024-AB.webp
Smartphone Zte V60 Design (6+10) Gb + 256 Gb,ZTE,Por ZTE ,5.0,(3),S/799,S/399,50% OFF,https://http2.mlstatic.com/D_Q_NP_2X_905392-MPE82766833897_022025-AB-smartphone-zte-v60-design-610-gb-256-gb.webp
Suplemento Naturebell Coq10 Ubiquinona De 200 Mg Con Pqq 240,NATUREBELL,No disponible,No disponible,No disponible,S/297,"S/219,78",26% OFF,https://http2.mlstatic.com/D_Q_NP_2X_685079-MLA79513429836_102024-AB.webp
Zapatillas Nike Hombre Air Max Exosense | Ck6811-002,NIKE,Por Boutique Boys ,No disponible,No disponible,S/479,"S/449,24",6% OFF,https://http2.mlstatic.com/D_Q_NP_2X_997758-MPE82453554158_022025-AB-zapatillas-nike-hombre-air-max-exosense-ck6811-002.webp
Boston - Pack X6 Bóxer Corto - Multicolor,BOSTON,No disponible,4.7,(452),"S/136,90","S/99,93",27% OFF,https://http2.mlstatic.com/D_Q_NP_2X_925297-MPE82841540334_032025-AB-boston-pack-x6-boxer-corto-multicolor.webp
Sony Audífonos Inalámbricos Noise Cancelling In Ear Wf-c710n Blanco,SONY,Por Sony ,No disponible,No disponible,S/379,S/299,21% OFF,https://http2.mlstatic.com/D_Q_NP_2X_932760-MLA84356118152_052025-AB.webp
Pigmentbio Sensitive Areas Bioderma,BIODERMA,Por Dermotienda Shopping ,4.8,(16),"S/135,70","S/111,20",18% OFF,https://http2.mlstatic.com/D_Q_NP_2X_830724-MPE69844060446_062023-AB-pigmentbio-sensitive-areas-bioderma.webp
Zte Blade V60 Smart 256 Gb Negro 4 Gb Ram,ZTE,Por ZTE ,4.7,(122),S/499,S/349,30% OFF,https://http2.mlstatic.com/D_Q_NP_2X_951044-MLA84856699671_052025-AB.webp
Creatina On 600 Gr Creatina Monohidratada - Tienda Fisica,OPTIMUM NUTRITION,Por Nutrigame ,4.8,(50),S/243,"S/179,82",26% OFF,https://http2.mlstatic.com/D_Q_NP_2X_732872-MPE85032737955_052025-AB-creatina-on-600-gr-creatina-monohidratada-tienda-fisica.webp
"Reloj Para Hombres Invicta Pro Diver 44709 Oro, Acero",INVICTA,Por Invicta ,5.0,(5),S/899,S/299,66% OFF,https://http2.mlstatic.com/D_Q_NP_2X_903743-MLU79360580035_092024-AB.webp
Xiaomi Mi Tv Box S 2nd Control De Voz 4k 8gb Con 2gb De Memoria Ram,XIAOMI,No disponible,4.8,(732),"S/309,21",S/227,26% OFF,https://http2.mlstatic.com/D_Q_NP_2X_643420-MLU73882599977_012024-AB.webp
Procesador De Alimentos Kenwood Multipro Go Fdp22.130gy,KENWOOD,Por Kenwood ,No disponible,No disponible,S/459,"S/390,15",15% OFF,https://http2.mlstatic.com/D_Q_NP_2X_628293-MPE82850519716_032025-AB-procesador-de-alimentos-kenwood-multipro-go-fdp22130gy.webp
Cerave Limpiador Hidratante - 236ml,CERAVE,Por Cerave ,5.0,(4),"S/66,50","S/51,30",22% OFF,https://http2.mlstatic.com/D_Q_NP_2X_860524-MPE82579810121_022025-AB-cerave-limpiador-hidratante-236ml.webp
Celular Redmi 14c Blue 4gb Ram 256gb Rom Azul Estrellado,XIAOMI,Por Tai Loy ,No disponible,No disponible,S/699,S/399,42% OFF,https://http2.mlstatic.com/D_Q_NP_2X_644842-MPE81391398661_122024-AB-celular-redmi-14c-blue-4gb-ram-256gb-rom-azul-estrellado.webp
Ashwagandha Importado Usa Insomnio Estrés,NUTRICOST,Por Bay Natural ,4.8,(322),"S/98,32","S/72,76",26% OFF,https://http2.mlstatic.com/D_Q_NP_2X_908317-MLA79575155642_102024-AB.webp
Botin Nike Hombre Basketball Renew Elevate Iii | Dd9304-001,NIKE,Por Boutique Boys ,No disponible,No disponible,S/429,"S/388,73",9% OFF,https://http2.mlstatic.com/D_Q_NP_2X_638234-MPE82453553156_022025-AB-botin-nike-hombre-basketball-renew-elevate-iii-dd9304-001.webp
Guitarra Electroacústica Importada Ecualizador De 4 Bandas,No disponible,No disponible,4.8,(33),S/399,"S/379,05",5% OFF,https://http2.mlstatic.com/D_Q_NP_2X_963814-MPE31253465465_062019-AB-guitarra-electroacustica-importada-ecualizador-de-4-bandas.webp
Termo Hervidor Eléctrico Portátil Acero Inoxidable Deerma Dem-dr050 Color Blanco 350 Ml Apagado Automático 220v Potencia 300w,DEERMA,Por Deerma ,4.2,(28),S/199,S/109,45% OFF,https://http2.mlstatic.com/D_Q_NP_2X_887854-MLU77232779717_062024-AB.webp
"Monitor Asus Vy249he-w 24 Fhd Ips Blanco, 75hz - 1ms Color Blanco",ASUS,No disponible,5.0,(9),S/690,S/379,45% OFF,https://http2.mlstatic.com/D_Q_NP_2X_654643-MLA84560428452_052025-AB.webp
Smartphone Honor 200 12gb+512gb Dual Sim Color Blanco Lunar,HONOR,Por Honor ,4.7,(19),S/2.399,S/1.649,31% OFF,https://http2.mlstatic.com/D_Q_NP_2X_857124-MLA80135707807_102024-AB.webp
Proteína Prostar Whey 5.28lb  Ultimate Nutrition  Vanilla Creme,ULTIMATE NUTRITION,Por Nutrigame ,4.7,(102),S/371,"S/274,54",26% OFF,https://http2.mlstatic.com/D_Q_NP_2X_794872-MLU70487193071_072023-AB.webp
Laptop Lenovo V15 G4 Core I5 13420h 16gb 512gb 15.6' Español Color Iron Grey,LENOVO,Por PC YA Empresarial ,4.7,(62),S/2.690,S/1.979,26% OFF,https://http2.mlstatic.com/D_Q_NP_2X_881307-MLU77513227583_072024-AB.webp
Chaleco Columbia Hombre Powder Lite Ii Azul,COLUMBIA,Por Columbia ,No disponible,No disponible,S/529,"S/370,29",30% OFF,https://http2.mlstatic.com/D_Q_NP_2X_880745-MPE82029500466_022025-AB-chaleco-columbia-hombre-powder-lite-ii-azul.webp
Llave De Impacto Ingco 20v 400nm 2 Baterias 2a 3 Dados,INGCO TOOLS,Por MEGACONSTRUCTORES ,No disponible,No disponible,S/765,"S/359,55",53% OFF,https://http2.mlstatic.com/D_Q_NP_2X_756105-MPE81775793838_012025-AB-llave-de-impacto-ingco-20v-400nm-2-baterias-2a-3-dados.webp
Samsung Galaxy A56 5g 256 Gb Rosa Claro Color Light Pink,SAMSUNG,No disponible,4.8,(13),S/2.499,S/1.499,40% OFF,https://http2.mlstatic.com/D_Q_NP_2X_799189-MLA84562695822_052025-AB.webp
Diesel Premium Whey Isolate 5lbs 75 Servicios,PERFECT NUTRITION,Por XL Nutrition ,5.0,(12),S/495,"S/366,30",26% OFF,https://http2.mlstatic.com/D_Q_NP_2X_934874-MPE69314844332_052023-AB-diesel-premium-whey-isolate-5lbs-75-servicios.webp
Renöva+ - Colágeno Hidrolizado Con Biopéptidos Activos Berries,RENÖVA+,No disponible,5.0,(1),"S/179,99","S/143,99",20% OFF,https://http2.mlstatic.com/D_Q_NP_2X_708428-MPE83876204898_042025-AB.webp
Zte Blade V60 Smart 256 Gb Negro 4 Gb Ram,ZTE,Por ZTE ,4.7,(108),S/499,S/349,30% OFF,https://http2.mlstatic.com/D_Q_NP_2X_951044-MLA84856699671_052025-AB.webp
Pigmentbio Sensitive Areas Bioderma,BIODERMA,Por Dermotienda Shopping ,4.8,(16),"S/135,70","S/111,20",18% OFF,https://http2.mlstatic.com/D_Q_NP_2X_830724-MPE69844060446_062023-AB-pigmentbio-sensitive-areas-bioderma.webp
Maquina Para Donuts Donuts Maker Blanik Bdm04 Color Negro,BLANIK,Por Vultec ,No disponible,No disponible,S/189,S/105,44% OFF,https://http2.mlstatic.com/D_Q_NP_2X_826028-MLU70140178411_062023-AB.webp
Zapatillas Nike Tiempo Legend 10 Academy Tf Originales,NIKE,No disponible,5.0,(4),"S/389,90","S/257,33",34% OFF,https://http2.mlstatic.com/D_Q_NP_2X_790708-MPE78749429229_082024-AB-zapatillas-nike-tiempo-legend-10-academy-tf-originales.webp
Sony Audífonos Inalámbricos Con Noise Cancelling Wh-ch720n ,SONY,Por Sony ,4.7,(91),S/429,S/279,34% OFF,https://http2.mlstatic.com/D_Q_NP_2X_924719-MPE83055644538_032025-AB-sony-audifonos-inalambricos-con-noise-cancelling-wh-ch720n.webp
Arrocera Oster® 10 Tazas Ckstrc1700b053 Color Negro,OSTER,No disponible,4.8,(98),"S/149,90",S/109,27% OFF,https://http2.mlstatic.com/D_Q_NP_2X_633801-MLA84852952035_052025-AB.webp
Celular Motorola G15 4gb + 256gb Verde,MOTOROLA,Por Tai Loy ,5.0,(1),S/649,S/519,20% OFF,https://http2.mlstatic.com/D_Q_NP_2X_647620-MPE82845140204_032025-AB-celular-motorola-g15-4gb-256gb-verde.webp
"Shadowhey Isolate 2 Kg Dorian Yates, Proteína 1005 Aislada Sabor Chocolate",DORIAN YATES,Por INTERSPORT ,5.0,(6),"S/368,50",S/309,16% OFF,https://http2.mlstatic.com/D_Q_NP_2X_659060-MLU74358580581_022024-AB.webp
"Haylou S30 Pro Anc Audífonos Diadema Gamer Inalámbricos/con Micrófono, Bluetooth 5.4, Llamadas Manos Libres, Cancelación De Ruido Adaptativa De - 43db, Controlador 40mm, 80h Reproducción, Azul Oscuro",HAYLOU,Por Orrohome ,5.0,(1),S/259,S/139,46% OFF,https://http2.mlstatic.com/D_Q_NP_2X_972561-MLU77243949115_062024-AB.webp
Micrófono Audio-technica At2020 Condensador Cardioide Color Negro,AUDIO-TECHNICA,Por Mag Audio Peru ,5.0,(9),S/509,"S/391,93",23% OFF,https://http2.mlstatic.com/D_Q_NP_2X_984742-MLA74782754983_022024-AB.webp
Cerave Crema Hidratante - 340g,CERAVE,Por Cerave ,4.8,(44),"S/83,90","S/64,70",22% OFF,https://http2.mlstatic.com/D_Q_NP_2X_963266-MPE82241649258_022025-AB-cerave-crema-hidratante-340g.webp
"Micrófono Dinámico Gamer Fifine Ampligame Am8 Xlr Rgb, Color Negro",FIFINE,No disponible,4.7,(40),"S/497,25","S/278,46",44% OFF,https://http2.mlstatic.com/D_Q_NP_2X_665599-MLU73705499346_012024-AB.webp
Zapatillas Puma Mujer Night Runner V3 Wns 311194 05 Rosado,PUMA,Por Puma ,4.6,(27),"S/189,90",S/109,42% OFF,https://http2.mlstatic.com/D_Q_NP_2X_726458-MPE83235742174_042025-AB-zapatillas-puma-mujer-night-runner-v3-wns-311194-05-rosado.webp
Mando Ps5 Dualsense Playstation 5 Blanco,SONY,Por Game Center ,4.8,(100),S/427,S/289,32% OFF,https://http2.mlstatic.com/D_Q_NP_2X_804860-MPE53206633419_012023-AB-mando-ps5-dualsense-playstation-5-blanco.webp
Plato Dobles Elevado Para Perros,QUÉ PATAS,Por Que Patas Pet Shop ,4.4,(7),"S/154,05",S/99,35% OFF,https://http2.mlstatic.com/D_Q_NP_2X_735157-MPE79814587976_102024-AB.webp
Xiaomi Redmi Note 13 Pro+ 5g Dual Sim 256 Gb Negro 8 Gb Ram,XIAOMI,No disponible,4.7,(479),S/2.049,S/1.250,39% OFF,https://http2.mlstatic.com/D_Q_NP_2X_764775-MLU78181649761_082024-AB.webp
Nutricost Selenio Selenium 200 Mcg Importado Capsulas,NUTRICOST,No disponible,4.7,(580),"S/88,50","S/78,76",11% OFF,https://http2.mlstatic.com/D_Q_NP_2X_787576-MPE49801451302_042022-AB.webp
Combo Soldadora 130a + Mascara Redbo + 2 Escuadra Truper Color Naranja,REDBO,Por Importaciones Hibrida ,4.7,(3),"S/369,90","S/273,72",26% OFF,https://http2.mlstatic.com/D_Q_NP_2X_740459-MLU76401224267_052024-AB.webp
"Tp-link Deco M4 2 Pack Sistema Wi-fi 5 Ghz 2,4 Ghz Ac1200 Color Blanco",TP-LINK,No disponible,4.9,(38),"S/434,90","S/347,91",20% OFF,https://http2.mlstatic.com/D_Q_NP_2X_807871-MLU77875682140_072024-AB.webp
Casco Moto Ls2 Integral Negro En Caja Negro Single Mono Xxl,LS2,Por CES ,No disponible,No disponible,S/310,S/248,20% OFF,https://http2.mlstatic.com/D_Q_NP_2X_842822-MPE84783915640_052025-AB.webp
Jarra Generador Agua Hidrógeno Ionizadora Filtro De Agua ,HYDROGEN,Por Gruponatic ,No disponible,No disponible,S/399,S/329,17% OFF,https://http2.mlstatic.com/D_Q_NP_2X_828275-MPE44003070656_112020-AB-jarra-generador-agua-hidrogeno-ionizadora-filtro-de-agua.webp
Samsung Galaxy A35 5g 256 Gb Azul Oscuro 8 Gb Ram,SAMSUNG,No disponible,4.8,(61),S/1.386,S/1.178,15% OFF,https://http2.mlstatic.com/D_Q_NP_2X_743836-MLA75257072466_032024-AB.webp
Iso Whey 90 3 Kg / Proteína Aislada,UN,No disponible,4.9,(181),"S/318,67","S/229,44",28% OFF,https://http2.mlstatic.com/D_Q_NP_2X_949330-MLU78594901035_082024-AB.webp
Sarten Tramontina Con Cuerpo Triple Acero Inoxidable 26cm Color Plateado,TRAMONTINA,Por TL ,4.8,(39),S/335,S/234,30% OFF,https://http2.mlstatic.com/D_Q_NP_2X_713255-MLU78392054364_082024-AB.webp
Isdin Fotoprotector Isdin Fusion Water By Alcaraz Spf50 50ml,ISDIN,Por Dermotienda Shopping ,5.0,(4),"S/129,90","S/89,90",30% OFF,https://http2.mlstatic.com/D_Q_NP_2X_632477-MPE79483837936_102024-AB.webp
Teclado Mecánico Redragon Horus Tkl K621-rgb-sp Wireless Color Del Teclado Negro Idioma Español Latinoamérica,REDRAGON,No disponible,4.7,(40),"S/491,93",S/318,35% OFF,https://http2.mlstatic.com/D_Q_NP_2X_865234-MLA84848229589_052025-AB.webp
Procesador De Alimentos Imaco Fp7581 8 En 1 750w Color Negro,IMACO,Por Puntos Exclusivos ,No disponible,No disponible,S/329,"S/193,03",41% OFF,https://http2.mlstatic.com/D_Q_NP_2X_781762-MLU78635104466_092024-AB.webp
Xiaomi Redmi Note 14 Pro 4g Negro 256gb 8ram 200mpx,XIAOMI,No disponible,4.7,(59),S/1.665,S/999,40% OFF,https://http2.mlstatic.com/D_Q_NP_2X_920886-MLA84849434155_052025-AB.webp
Proteina De Suero De Leche Lab Nutrition Premium 100% Whey Protein Sabor Chocolate 5.6lb,LAB NUTRITION,Por Lab Nutrition ,5.0,(4),S/369,"S/286,40",22% OFF,https://http2.mlstatic.com/D_Q_NP_2X_852390-MLU77432734806_072024-AB.webp
Ssd M.2 1tb Western Digital Pc Laptop Pcie Gen3 2400mb/s Color Verde,WESTERN DIGITAL,Por RStore ,4.9,(7),S/399,"S/243,39",39% OFF,https://http2.mlstatic.com/D_Q_NP_2X_953148-MLU73696260501_122023-AB.webp
Escritorio Gamer Moderno Madesa Para Pc Y Consola - Negro,MADESA,Por MADESA ,4.7,(175),S/479,S/317,33% OFF,https://http2.mlstatic.com/D_Q_NP_2X_964910-MLU72628077554_112023-AB.webp
Cepillo Electrico De Madera 1050w 16000rpm Tl1108236 Total Color Turquesa,TOTAL,Por VENTAS Y OFERTAS ,4.3,(8),S/365,S/288,21% OFF,https://http2.mlstatic.com/D_Q_NP_2X_746929-MLU74990921090_032024-AB.webp
Galaxy Buds Live Color Mystic Black,SAMSUNG,No disponible,4.8,(29),S/346,"S/259,50",25% OFF,https://http2.mlstatic.com/D_Q_NP_2X_880782-MLA82148620922_022025-AB.webp
Par Amortiguadores Traseros Nissan Murano 2003 2004 2005,MONROE,Por Monroe ,No disponible,No disponible,S/300,"S/274,31",8% OFF,https://http2.mlstatic.com/D_Q_NP_2X_820518-MPE73222337890_122023-AB-par-amortiguadores-traseros-nissan-murano-2003-2004-2005.webp
Kit Redragon S143 Teclado K617rgb Fizz Sp + Mouse M724 White,REDRAGON,Por Game Center ,No disponible,No disponible,S/399,S/269,32% OFF,https://http2.mlstatic.com/D_Q_NP_2X_688546-MPE82961862816_032025-AB-kit-redragon-s143-teclado-k617rgb-fizz-sp-mouse-m724-white.webp
Optimum Nutrition Powder Creatina Micronizada 300g 60 Porciones De 5g Mejora Fuerza Y Rendimiento Suplemento Deportivo De Alta Pureza Sin Sabor,OPTIMUM NUTRITION,Por INTERSPORT ,4.8,(349),S/185,"S/104,50",43% OFF,https://http2.mlstatic.com/D_Q_NP_2X_881478-MLU72831726975_112023-AB.webp
Fotoprotector Mineral Fusion Fluid Spf50+ Isdin 50 Ml,ISDIN,Por Dermotienda Shopping ,5.0,(7),"S/119,90","S/92,50",22% OFF,https://http2.mlstatic.com/D_Q_NP_2X_980949-MPE69889414625_062023-AB.webp
Smartwatch Xiaomi Redmi Watch 4 Amoled 1.97 Spo2 Llamada Gps Caja Negro Malla Negro Bisel Gris Oscuro,REDMI,Por CASEMOTIONS PE ,4.8,(94),S/409,"S/319,02",22% OFF,https://http2.mlstatic.com/D_Q_NP_2X_865475-MLA82481282585_022025-AB.webp
Alacena De Cocina Emilly 2 Puertas Corredizas Cristal Reflex,MADESA,Por MADESA ,No disponible,No disponible,S/499,S/308,38% OFF,https://http2.mlstatic.com/D_Q_NP_2X_820023-MPE82638187155_022025-AB-alacena-de-cocina-emilly-2-puertas-corredizas-cristal-reflex.webp
Refrigerante Prestone Verde 33% Universal Listo Para Usar Gl,PRESTONE,Por Repuestos Davalos ,4.4,(9),S/50,"S/45,72",8% OFF,https://http2.mlstatic.com/D_Q_NP_2X_670238-MLU78946400690_092024-AB.webp
Celular Xiaomi Note 14 Pro 4g Dual Sim 256gb 8gb Ram Lila,XIAOMI,No disponible,5.0,(12),S/1.562,"S/922,16",41% OFF,https://http2.mlstatic.com/D_Q_NP_2X_765131-MLA83440228297_032025-AB.webp
Creatina Monohidratada Kevin Levrone 300 Gr 120 Servicios,KEVIN LEVRONE,Por INTERSPORT ,4.8,(1451),S/129,"S/59,50",53% OFF,https://http2.mlstatic.com/D_Q_NP_2X_769554-MLA78739527734_092024-AB.webp
Reflector Solar Panel Solar Luz Blanca Seguridad Exteriores Color De La Carcasa Negro Color De La Luz Blanco Frío Cubull,CUBULL,Por Importaciones Hibrida ,4.2,(57),"S/209,90","S/117,54",44% OFF,https://http2.mlstatic.com/D_Q_NP_2X_978954-MLU78443291740_082024-AB.webp
Pack Isdin Fotoprotector Fusion Water Magic X3,ISDIN,Por Dermotienda Shopping ,5.0,(9),"S/374,70","S/252,80",32% OFF,https://http2.mlstatic.com/D_Q_NP_2X_619432-MPE81737743080_012025-AB.webp
"Cámara Ptz Wi-fi Con Doble Lente Y Pantalla 360 5g, Impermeable, 6 Mp, Color Blanco",CÂMERA DE SEGURANÇA A28B PREMIUM,No disponible,3.8,(4),"S/199,99","S/127,99",36% OFF,https://http2.mlstatic.com/D_Q_NP_2X_830931-MLA80662938265_112024-AB.webp
Zapatillas New Balance Hombre Shifted U997rcsb Verde,NEW BALANCE,Por Triathlon Sport ,No disponible,No disponible,"S/399,90","S/219,90",45% OFF,https://http2.mlstatic.com/D_Q_NP_2X_917515-MPE83363461279_032025-AB-zapatillas-new-balance-hombre-shifted-u997rcsb-verde.webp
Xiaomi Redmi A3 Dual Sim 64 Gb Midnight Black 3 Gb Ram,XIAOMI,Por Ofertec ,4.5,(164),S/470,S/279,40% OFF,https://http2.mlstatic.com/D_Q_NP_2X_804309-MLA84549804504_052025-AB.webp
Probiotic Complex Probioticos Cepas Sabor Sin Sabor,NUTRICOST,Por Bay Natural ,4.8,(170),"S/97,43","S/87,68",10% OFF,https://http2.mlstatic.com/D_Q_NP_2X_790748-MLU75011222542_032024-AB.webp
Antipulgas Para Perros Bravecto 250mg (4.5-10 Kg) Color Marrón Claro,BRAVECTO,Por Lumpet ,4.8,(33),"S/132,50","S/89,30",32% OFF,https://http2.mlstatic.com/D_Q_NP_2X_639108-MLA83053635491_032025-AB.webp
Controles Joy-con (l/r) Switch Rosado Pastel/amarillo Pastel Color Multicolor,NINTENDO,Por Game Center ,5.0,(7),S/427,S/289,32% OFF,https://http2.mlstatic.com/D_Q_NP_2X_964083-MLU73882903623_012024-AB.webp
Pesas  30kg Set Convertible A Barra Y Pesa Rusa Importado,GENÉRICA,No disponible,4.7,(303),S/260,S/199,23% OFF,https://http2.mlstatic.com/D_Q_NP_2X_685237-MPE75032805143_032024-AB-pesas-30kg-set-convertible-a-barra-y-pesa-rusa-importado.webp
Apple iPhone 16 Pro (256 Gb) - Titanio Del Desierto,APPLE,Por Cases World ,4.9,(125),S/5.469,S/4.539,17% OFF,https://http2.mlstatic.com/D_Q_NP_2X_635781-MLU78878969280_092024-AB.webp
Musclemeds Carnivor Proteina Carne Frasco Con 4.5 Lb En Polvo,MUSCLEMEDS,Por INTERSPORT ,4.7,(22),"S/372,50",S/266,28% OFF,https://http2.mlstatic.com/D_Q_NP_2X_933055-MLC43171588154_082020-AB.webp
Casco De Moto Ls2 Ns353 Rapid Hyper  Negro/azul,LS2,Por KL Motos ,5.0,(1),S/330,S/288,12% OFF,https://http2.mlstatic.com/D_Q_NP_2X_713607-MPE81506517780_012025-AB-casco-de-moto-ls2-ns353-rapid-hyper-negroazul.webp
Funda Forro Cobertor Impermeable Ford Bronco Sport,GENÉRICA,No disponible,No disponible,No disponible,S/310,S/289,6% OFF,https://http2.mlstatic.com/D_Q_NP_2X_965437-MPE73685442562_012024-AB-funda-forro-cobertor-impermeable-ford-bronco-sport.webp
Renöva+ - Colágeno Hidrolizado Con Biopéptidos Activos Berries,RENÖVA+,No disponible,5.0,(1),"S/179,99","S/143,99",20% OFF,https://http2.mlstatic.com/D_Q_NP_2X_708428-MPE83876204898_042025-AB.webp
Zte Blade V60 Smart 256 Gb Negro 4 Gb Ram,ZTE,Por ZTE ,4.7,(108),S/499,S/349,30% OFF,https://http2.mlstatic.com/D_Q_NP_2X_951044-MLA84856699671_052025-AB.webp
Isdin Fotoprotector Isdin Fusion Water By Alcaraz Spf50 50ml,ISDIN,Por Dermotienda Shopping ,5.0,(4),"S/129,90","S/89,90",30% OFF,https://http2.mlstatic.com/D_Q_NP_2X_632477-MPE79483837936_102024-AB.webp
Biblioteca Estante E1 Home - Macadamia ,RTA MUEBLES,Por Tuhome ,No disponible,No disponible,S/499,S/290,41% OFF,https://http2.mlstatic.com/D_Q_NP_2X_642320-MPE84242815283_042025-AB-biblioteca-estante-e1-home-macadamia.webp
Isdin Fusion Water Color Bronze Spf50 50ml Oil Control,ISDIN,Por Dermotienda Shopping ,No disponible,No disponible,"S/124,90","S/87,40",30% OFF,https://http2.mlstatic.com/D_Q_NP_2X_898806-MLA84547608086_052025-AB.webp
B Complex 100 Solgar 100cap,SOLGAR,Por Lab Nutrition ,4.9,(31),S/129,"S/105,90",17% OFF,https://http2.mlstatic.com/D_Q_NP_2X_810633-MPE50077185472_052022-AB.webp
Freidora De Aire Taurus Silver Fryer 5l 1400w Color Negro,TAURUS,Por Jota Store ,5.0,(2),"S/302,50",S/222,26% OFF,https://http2.mlstatic.com/D_Q_NP_2X_634966-MLU78393519492_082024-AB.webp
Cerave Eye Repair Cream - 14ml,CERAVE,Por Cerave ,4.9,(29),S/55,"S/42,40",22% OFF,https://http2.mlstatic.com/D_Q_NP_2X_677435-MPE82295994882_022025-AB-cerave-eye-repair-cream-14ml.webp
Zapatillas New Balance Hombre Shifted U997rpcb Gris,NEW BALANCE,Por Triathlon Sport ,No disponible,No disponible,"S/399,90","S/219,90",45% OFF,https://http2.mlstatic.com/D_Q_NP_2X_721907-MPE83363462237_032025-AB-zapatillas-new-balance-hombre-shifted-u997rpcb-gris.webp
Nutricost Selenio Selenium 200 Mcg Importado Capsulas,NUTRICOST,No disponible,4.9,(19),"S/88,50","S/78,76",11% OFF,https://http2.mlstatic.com/D_Q_NP_2X_787576-MPE49801451302_042022-AB.webp
Pigmentbio Sensitive Areas Bioderma,BIODERMA,Por Dermotienda Shopping ,4.8,(16),"S/135,70","S/111,20",18% OFF,https://http2.mlstatic.com/D_Q_NP_2X_830724-MPE69844060446_062023-AB-pigmentbio-sensitive-areas-bioderma.webp
Zapatillas Running Kaida Mujer Kd24-03fi3 Blanco Aqua,KAIDA,No disponible,No disponible,No disponible,"S/259,90",S/139,46% OFF,https://http2.mlstatic.com/D_Q_NP_2X_773122-MPE80557384393_112024-AB-zapatillas-running-kaida-mujer-kd24-03fi3-blanco-aqua.webp
Organizador Multiuso Almacenamiento Portátil 5 Niveles,LOYOMI,No disponible,No disponible,No disponible,S/386,"S/270,20",30% OFF,https://http2.mlstatic.com/D_Q_NP_2X_907360-MPE76327783441_052024-AB-organizador-multiuso-almacenamiento-portatil-5-niveles.webp
Laptop Lenovo V15 G3 Core I5 24gb Ram 512gb Ssd 1tb Hdd,LENOVO,No disponible,5.0,(2),S/2.649,S/2.490,6% OFF,https://http2.mlstatic.com/D_Q_NP_2X_847064-MPE81100968236_122024-AB-laptop-lenovo-v15-g3-core-i5-24gb-ram-512gb-ssd-1tb-hdd.webp
"Gel Energético Gu Roctane X 24, Cafeína, Aminoácidos, Sodio",GU,Por INTERSPORT ,5.0,(3),S/335,S/265,20% OFF,https://http2.mlstatic.com/D_Q_NP_2X_761830-MPE77823699898_072024-AB-gel-energetico-gu-roctane-x-24-cafeina-aminoacidos-sodio.webp
Black Myth Wukong Playstation 5 Latam,PLAYSTATION,Por Game Center ,5.0,(9),S/356,S/240,32% OFF,https://http2.mlstatic.com/D_Q_NP_2X_844747-MPE81074828281_112024-AB-black-myth-wukong-playstation-5-latam.webp
Mecool Tv Box Km2 Android Tv 11 4k Hdr Certificado Google,MECOOL,No disponible,No disponible,No disponible,"S/299,99","S/284,99",5% OFF,https://http2.mlstatic.com/D_Q_NP_2X_738794-MPE85011479829_052025-AB-mecool-tv-box-km2-android-tv-11-4k-hdr-certificado-google.webp
Zapatillas Puma Hombre Electrify Nitro 3 378455 10 Negro,PUMA,Por Puma ,4.4,(9),"S/349,90","S/199,90",42% OFF,https://http2.mlstatic.com/D_Q_NP_2X_817194-MPE80335378195_102024-AB-zapatillas-puma-hombre-electrify-nitro-3-378455-10-negro.webp
Memoria Ram Ddr5 Kingston Fury Impact 16gb 5600mts Sodimm,KINGSTON,No disponible,4.7,(22),"S/301,50","S/226,12",25% OFF,https://http2.mlstatic.com/D_Q_NP_2X_772509-MLU73699158115_122023-AB.webp
Casco Sh-502 Sp Solid Negro Mate,SHAFT,Por SHAFT ,No disponible,No disponible,S/279,"S/228,26",18% OFF,https://http2.mlstatic.com/D_Q_NP_2X_762956-MPE83269228757_032025-AB-casco-sh-502-sp-solid-negro-mate.webp
Creatina Monohidratada 1 Kg Myprotein,MYPROTEIN,Por INTERSPORT ,4.8,(112),S/299,"S/199,50",33% OFF,https://http2.mlstatic.com/D_Q_NP_2X_759325-MLA84480106531_052025-AB.webp
Canbo Esterilizado Cat 7 Kg,CANBO,Por Alfadri ,5.0,(20),"S/189,90",S/148,22% OFF,https://http2.mlstatic.com/D_Q_NP_2X_842613-MLU75149965343_032024-AB.webp
"Xiaomi Mi Tv Stick 4k, 2 Gb De Ram, Canales Y Aplicaciones Transmitidos",MI,Por CASEMOTIONS PE ,4.7,(211),S/299,S/192,35% OFF,https://http2.mlstatic.com/D_Q_NP_2X_756426-MLA77892081428_082024-AB.webp
Mochila Expandible Impermeable Anti Cortes Con Entrada Usb,BANGE,Por Bange ,5.0,(48),S/248,S/205,17% OFF,https://http2.mlstatic.com/D_Q_NP_2X_904068-MPE70814531842_082023-AB-mochila-expandible-impermeable-anti-cortes-con-entrada-usb.webp
Puerta De Seguridad Para Mascotas Y Bebes,QUÉ PATAS PET SHOP,Por Que Patas Pet Shop ,4.8,(5),"S/337,99",S/217,35% OFF,https://http2.mlstatic.com/D_Q_NP_2X_853557-MPE50498438699_062022-AB.webp
Bota Ortopedica Neumatica Walker ,VIDAFLEX,No disponible,4.7,(13),S/280,"S/226,80",19% OFF,https://http2.mlstatic.com/D_Q_NP_2X_978043-MPE75699784120_042024-AB-bota-ortopedica-neumatica-walker.webp
L'oreal Magic Root Cover Up Tinte Cubre Raíces Canas Spray,L'ORÉAL,No disponible,4.8,(4),S/149,"S/141,55",5% OFF,https://http2.mlstatic.com/D_Q_NP_2X_639707-MPE49576662449_042022-AB-loreal-magic-root-cover-up-tinte-cubre-raices-canas-spray.webp
Xiaomi Redmi Watch 5 Lite // Tienda Oficial,XIAOMI,Por Xiaomi ,4.5,(4),S/299,"S/195,94",34% OFF,https://http2.mlstatic.com/D_Q_NP_2X_660659-MPE79698170912_102024-AB-xiaomi-redmi-watch-5-lite-tienda-oficial.webp
Afeitadora Intima Saferazor -cuchillas Ceramicas Sin Cortes,SAFERAZOR,No disponible,4.7,(3),S/270,"S/197,10",27% OFF,https://http2.mlstatic.com/D_Q_NP_2X_712387-MPE81344938565_122024-AB-afeitadora-intima-saferazor-cuchillas-ceramicas-sin-cortes.webp
Mochila Columbia Montrail Trans Alps 7l Vest Negro,COLUMBIA,Por Columbia ,No disponible,No disponible,S/699,"S/279,60",60% OFF,https://http2.mlstatic.com/D_Q_NP_2X_739117-MPE73024471204_112023-AB-mochila-columbia-montrail-trans-alps-7l-vest-negro.webp
Bcaa Scivation Xtend (90 Servicios) Los Sabores Sabor Lemon Lime Squeeze,SCIVATION,Por Lab Nutrition ,5.0,(5),S/339,S/253,25% OFF,https://http2.mlstatic.com/D_Q_NP_2X_867771-MLU70620536282_072023-AB.webp
Cerradura Inteligente Smart 5 Modos Plata+ Asesoría Instalac,TECHCARE,No disponible,4.8,(4),S/289,S/268,7% OFF,https://http2.mlstatic.com/D_Q_NP_2X_868725-MPE78157046282_082024-AB-cerradura-inteligente-smart-5-modos-plata-asesoria-instalac.webp
Encendedor Eléctrico De Aire Caliente Para Carbón- Grillcorp,GRILLCORP,Por Grillcorp ,4.4,(7),"S/329,99",S/255,22% OFF,https://http2.mlstatic.com/D_Q_NP_2X_745047-MPE80337197579_102024-AB.webp
Cojin Respaldar Lumbar De Gel Viscoelastico+ Funda,ALAUVI SPORT,No disponible,4.6,(11),"S/69,50","S/63,94",8% OFF,https://http2.mlstatic.com/D_Q_NP_2X_736802-MPE80766462302_112024-AB-cojin-respaldar-lumbar-de-gel-viscoelastico-funda.webp
Afeitadora Philips One Blade Qp142410 Dimm Color Negro,PHILIPS,No disponible,4.7,(63),S/129,"S/92,88",28% OFF,https://http2.mlstatic.com/D_Q_NP_2X_973939-MLU74990340006_032024-AB.webp
Mochila Arctic Hunter B00227 Expandible Viaje Negro Lisa,ARCTIC HUNTER,Por Hall of Bags ,4.9,(15),S/260,S/195,25% OFF,https://http2.mlstatic.com/D_Q_NP_2X_828878-MLA82887573709_032025-AB.webp
Suplemento En Polvo Sascha Fitness Isolate Proteínas Sabor Coco X 957g,SASCHA FITNESS,Por Sascha Fitness ,4.2,(6),"S/288,99",S/260,10% OFF,https://http2.mlstatic.com/D_Q_NP_2X_930019-MLA52648685451_112022-AB.webp
Audífono Jbl Vibe Beam 2 Anc Bluetooth - Negro,JBL,Por INTECGLOBAL PERU ,No disponible,No disponible,S/418,"S/259,95",37% OFF,https://http2.mlstatic.com/D_Q_NP_2X_855159-MPE83683383957_042025-AB-audifono-jbl-vibe-beam-2-anc-bluetooth-negro.webp
Funda Cobertor Mueble 3 Cuerpos Reversible + Banda Ajustable,GENÉRICA,Por Gruponatic ,4.1,(10),S/140,S/76,45% OFF,https://http2.mlstatic.com/D_Q_NP_2X_920644-MPE74192646860_012024-AB-funda-cobertor-mueble-3-cuerpos-reversible-banda-ajustable.webp
Monitor De Presión Arterial Omron Hem-7121j,OMRON,No disponible,4.8,(52),S/299,"S/197,34",34% OFF,https://http2.mlstatic.com/D_Q_NP_2X_821364-MLU54988099156_052023-AB.webp
Kit Focos Led S6-4d 4 Caras Tecnología Alemana Auto Moto ,LUX LED,Por Torettos Market ,4.1,(27),S/65,"S/48,03",26% OFF,https://http2.mlstatic.com/D_Q_NP_2X_994381-MPE82356612572_022025-AB-kit-focos-led-s6-4d-4-caras-tecnologia-alemana-auto-moto.webp
Mochila Expandible Impermeable Anti Cortes Con Entrada Usb Color Verde Oscuro Diseño De La Tela Liso,BANGE,Por Bange ,4.9,(161),S/248,S/205,17% OFF,https://http2.mlstatic.com/D_Q_NP_2X_915406-MLU78502277532_082024-AB.webp
Creatina Monohidratada 300gr Dragon Pharma - Tienda Fisica,DRAGON PHARMA LABS,Por Selltech ,4.9,(12),"S/129,90","S/80,90",37% OFF,https://http2.mlstatic.com/D_Q_NP_2X_960387-MPE83644966534_042025-AB-creatina-monohidratada-300gr-dragon-pharma-tienda-fisica.webp
Notebook Lenovo Idapad Slim 3 15 Amd Ryzen 5 8gb 512 Ssd Fhd Color Azul,LENOVO,Por Lenovo ,4.8,(29),S/2.399,S/1.739,27% OFF,https://http2.mlstatic.com/D_Q_NP_2X_899706-MLU73724943526_012024-AB.webp
Combo Xiaomi Redmi Buds 6 Play + Redmi Watch 5 Active,XIAOMI,Por CASEMOTIONS PE ,5.0,(4),S/350,S/189,46% OFF,https://http2.mlstatic.com/D_Q_NP_2X_852758-MPE83240614977_032025-AB-combo-xiaomi-redmi-buds-6-play-redmi-watch-5-active.webp
Silla Ducha Ortopedica Con Brazos Aluminio Adultos,SALUX,No disponible,4.8,(4),S/229,"S/199,23",13% OFF,https://http2.mlstatic.com/D_Q_NP_2X_757355-MLA80966755697_112024-AB.webp
Disco Duro Externo Hdd 1tb Toshiba + Estuche Protector,TOSHIBA,Por Wondercris ,4.9,(22),S/265,S/241,9% OFF,https://http2.mlstatic.com/D_Q_NP_2X_996256-MPE51152261287_082022-AB-disco-duro-externo-hdd-1tb-toshiba-estuche-protector.webp
Zapatilla Puma Carina Street Snake Chic 401611 02 Para Mujer,PUMA,No disponible,5.0,(1),S/289,"S/248,54",14% OFF,https://http2.mlstatic.com/D_Q_NP_2X_682793-MPE82270685319_022025-AB-zapatilla-puma-carina-street-snake-chic-401611-02-para-mujer.webp
Altavoz Xiaomi S29d Sound Outdoor 30w Mdz-38-db / T. Oficial,XIAOMI,Por Xiaomi ,4.8,(41),S/199,"S/154,23",22% OFF,https://http2.mlstatic.com/D_Q_NP_2X_824588-MPE78797858953_082024-AB-altavoz-xiaomi-s29d-sound-outdoor-30w-mdz-38-db-t-oficial.webp
Micrófono Razer Seiren V3 Mini Mercury Color Blanco,RAZER,Por Game Center ,4.8,(84),S/350,S/245,30% OFF,https://http2.mlstatic.com/D_Q_NP_2X_777417-MLU74999466266_032024-AB.webp
Nitro Tech 100% Whey Gold 5lb,MUSCLETECH,Por Lab Nutrition ,4.8,(47),S/399,"S/259,90",34% OFF,https://http2.mlstatic.com/D_Q_NP_2X_984802-MLU77967066198_082024-AB.webp
Micrófono Inalámbrico Sx63 Profesional Dual 4en1,OEM,No disponible,3.8,(5),S/219,"S/183,96",16% OFF,https://http2.mlstatic.com/D_Q_NP_2X_743459-MPE82254327149_022025-AB-microfono-inalambrico-sx63-profesional-dual-4en1.webp
Mochila Arctic Hunter B00227 Expandible Viaje Negro Lisa,ARCTIC HUNTER,Por Hall of Bags ,5.0,(4),S/260,S/195,25% OFF,https://http2.mlstatic.com/D_Q_NP_2X_828878-MLA82887573709_032025-AB.webp
Cámara De Seguridad Tp-link Tapo C220 2k Qhd Color Blanco,TAPO,No disponible,4.9,(14),"S/188,09","S/122,25",35% OFF,https://http2.mlstatic.com/D_Q_NP_2X_641360-MLU78533399420_082024-AB.webp
"Mochila Deportiva Grande Para Hombre Y Mujer, Negra, 37 Litros, Color Rosa, Bange, Tela Lisa, Diseño Bg1908",BANGE,Por Bange ,4.9,(161),S/248,S/205,17% OFF,https://http2.mlstatic.com/D_Q_NP_2X_712009-MLA81455553094_122024-AB.webp
Zinc Picolinato 50mg (240 Cápsulas) Nutricost Hecho En E.u. Sabor Sin Sabor,NUTRICOST,Por Bay Natural ,4.7,(203),"S/88,51","S/80,70",8% OFF,https://http2.mlstatic.com/D_Q_NP_2X_752290-MLU70740652443_072023-AB.webp
Re450 Extensor De Rango Wi-fi Ac1750 1300mbps,TP-LINK,No disponible,4.8,(6),"S/298,75",S/239,20% OFF,https://http2.mlstatic.com/D_Q_NP_2X_846097-MPE77933464541_072024-AB-re450-extensor-de-rango-wi-fi-ac1750-1300mbps.webp
Proyector Led Smart Android 11 Fhd 4500 Lumenes Wifi Bt Color Blanco,GENÉRICA,No disponible,3.9,(16),"S/205,90","S/195,60",5% OFF,https://http2.mlstatic.com/D_Q_NP_2X_676877-MLU72919024132_112023-AB.webp
Creatina Creapure 1 Kg - Level Pro / ¡ ! Sabor Sin Sabor,LEVEL PRO,Por Nutrigame ,4.9,(30),S/242,"S/179,08",26% OFF,https://http2.mlstatic.com/D_Q_NP_2X_623866-MLU75009733594_032024-AB.webp
Mi 360° Camara De Vigilancia Robotica (1080p),XIAOMI,Por CASEMOTIONS PE ,4.7,(75),S/189,"S/119,07",37% OFF,https://http2.mlstatic.com/D_Q_NP_2X_881460-MCO49434715064_032022-AB.webp
Teclado Mecanico Teros Te-4068g Retroiluminación Rainbow Usb Negro Español Latinoamérica,TEROS,No disponible,No disponible,No disponible,"S/139,60","S/89,34",36% OFF,https://http2.mlstatic.com/D_Q_NP_2X_949825-MPE84483136789_052025-AB.webp
Aminoácidos Prosupps Hydrobcaa 90 Serv Fruit Punch + Shaker,PROSUPPS,Por Selltech ,5.0,(1),"S/320,90",S/226,29% OFF,https://http2.mlstatic.com/D_Q_NP_2X_965532-MPE51547894355_092022-AB-aminoacidos-prosupps-hydrobcaa-90-serv-fruit-punch-shaker.webp
Xiaomi Mi Wifi Range Extender Ac1200 Dual 2.4ghz 5ghz Color Negro,XIAOMI,Por Xiaomi ,4.6,(190),S/159,"S/86,33",45% OFF,https://http2.mlstatic.com/D_Q_NP_2X_761295-MLA84852977463_052025-AB.webp
Maleta Carry On 20  Con Ruedas Giratorias Expandible,DECOKASA,Por Mundo Negocios ,4.5,(31),S/249,"S/236,55",5% OFF,https://http2.mlstatic.com/D_Q_NP_2X_964429-MPE73024226451_112023-AB-maleta-carry-on-20-con-ruedas-giratorias-expandible.webp
Robot Aspirador Xiaomi X20+ Autolimpieza + Estacion Todo En 1,XIAOMI,Por Xiaomi ,4.6,(43),S/2.399,S/1.725,28% OFF,https://http2.mlstatic.com/D_Q_NP_2X_846797-MLU76102420097_042024-AB.webp
"Decodificador De Tv Digital Full Hd 1080p Real Lcd,plasma Color Negro",ISDB-T,No disponible,4.3,(11),"S/82,50","S/78,37",5% OFF,https://http2.mlstatic.com/D_Q_NP_2X_641779-MLA84481016223_052025-AB.webp
Zapatilla Nike Mercurial Vapor 15 100% Original I Dj5963-600,NIKE,No disponible,No disponible,No disponible,S/395,"S/233,05",41% OFF,https://http2.mlstatic.com/D_Q_NP_2X_848388-MPE74517824047_022024-AB-zapatilla-nike-mercurial-vapor-15-100-original-i-dj5963-600.webp
Afeitadora Intima Saferazor + 1 Cuchilla Cerámica Adicional,SAFERAZOR,No disponible,5.0,(1),S/310,"S/232,50",25% OFF,https://http2.mlstatic.com/D_Q_NP_2X_935554-MPE81078036914_122024-AB-afeitadora-intima-saferazor-1-cuchilla-ceramica-adicional.webp
Afeitadora Intima Saferazor -cuchillas Ceramicas Sin Cortes,SAFERAZOR,No disponible,4.7,(3),S/270,"S/197,10",27% OFF,https://http2.mlstatic.com/D_Q_NP_2X_712387-MPE81344938565_122024-AB-afeitadora-intima-saferazor-cuchillas-ceramicas-sin-cortes.webp
Mochila Deportiva Bange 1908 Grande Para Hombres Y Mujeres 40 Litros Color Azul Lisa,BANGE,Por Bange ,No disponible,No disponible,S/248,S/205,17% OFF,https://http2.mlstatic.com/D_Q_NP_2X_953892-MLA81620662719_122024-AB.webp
Zapatillas Running Kaida Mujer Kd24-03fi3 Blanco Aqua,KAIDA,No disponible,No disponible,No disponible,"S/259,90",S/139,46% OFF,https://http2.mlstatic.com/D_Q_NP_2X_773122-MPE80557384393_112024-AB-zapatillas-running-kaida-mujer-kd24-03fi3-blanco-aqua.webp
Sony Audífonos True Wireless Wf-c510 Color Negro,SONY,Por Sony ,4.7,(158),S/229,S/149,34% OFF,https://http2.mlstatic.com/D_Q_NP_2X_805612-MLA84835273119_052025-AB.webp
Nutricost Red Yeast Rice Supplement 1200mg 120 Capsulás,NUTRICOST,No disponible,5.0,(2),S/120,"S/88,80",26% OFF,https://http2.mlstatic.com/D_Q_NP_2X_625948-MLU73048060477_112023-AB.webp
Zkteco Zkb202 Lector De Codigo De Barras Inalámbrico Qr 2d,ZKTECO,Por ZKTeco ,No disponible,No disponible,S/355,S/225,36% OFF,https://http2.mlstatic.com/D_Q_NP_2X_611093-MPE79774613166_102024-AB-zkteco-zkb202-lector-de-codigo-de-barras-inalambrico-qr-2d.webp
Juego Horizon Zero Dawn Remastered Edition Para Ps5,SONY,No disponible,No disponible,No disponible,S/259,S/229,11% OFF,https://http2.mlstatic.com/D_Q_NP_2X_753103-MLA80016775339_102024-AB.webp
Vitamina D3 + K2 Mk7 10000iu 200 Mcg 300 Capsulas Blandas Us,MICRO INGREDIENTS,No disponible,4.8,(5),"S/239,90","S/219,24",8% OFF,https://http2.mlstatic.com/D_Q_NP_2X_796982-MPE75135300291_032024-AB-vitamina-d3-k2-mk7-10000iu-200-mcg-300-capsulas-blandas-us.webp
Afeitadora Oneblade Para Cara + Cuerpo Philips Qp2824/10 Color Verde Lima 5v,PHILIPS,Por Philips ,4.8,(150),S/199,S/169,15% OFF,https://http2.mlstatic.com/D_Q_NP_2X_619135-MLU77519996349_072024-AB.webp
Casco Moto Ces Articulado Doble Visor Certificado Negro Mate,CES,Por CES ,No disponible,No disponible,S/300,S/186,38% OFF,https://http2.mlstatic.com/D_Q_NP_2X_816162-MPE82644143155_022025-AB-casco-moto-ces-articulado-doble-visor-certificado-negro-mate.webp
Rack Soporte Extensible Y Giratorio Para Tv 55 A 85+ Nb P65 Color Negro,NORTH BAYOU,Por North Bayou ,4.9,(25),S/249,"S/177,49",28% OFF,https://http2.mlstatic.com/D_Q_NP_2X_990148-MLA84546875128_052025-AB.webp
Trx® Force Tactical Kit Modelo Profesional Original Completo,No disponible,No disponible,5.0,(1),"S/299,25","S/215,90",27% OFF,https://http2.mlstatic.com/D_Q_NP_2X_945217-MPE45300191926_032021-AB-trx-force-tactical-kit-modelo-profesional-original-completo.webp
Vitamina K2 + Vitamina D3 120 Cápsulas Blandas Sin Gluten Y Sin Ogm,NUTRICOST,Por Bay Natural ,4.8,(329),"S/78,06",S/71,9% OFF,https://http2.mlstatic.com/D_Q_NP_2X_780039-MLA84181441140_052025-AB.webp
Set X2 Llanta 185/70r13 86h Ovation Vi-786 Tl,OVATION,Por Copellantas ,5.0,(2),"S/261,06","S/216,40",17% OFF,https://http2.mlstatic.com/D_Q_NP_2X_693204-MPE82093049832_022025-AB-set-x2-llanta-18570r13-86h-ovation-vi-786-tl.webp
Zapatillas adidas Hombre Urbanas Courtblock | If4033,ADIDAS,Por adidas ,4.4,(18),S/229,S/213,6% OFF,https://http2.mlstatic.com/D_Q_NP_2X_861811-MPE77444952082_072024-AB-zapatillas-adidas-hombre-urbanas-courtblock-if4033.webp
Soporte Base Brazo Laptop-portatil North Bayou Ergonomica Color Negro,NORTH BAYOU,Por North Bayou ,4.9,(59),S/270,S/162,40% OFF,https://http2.mlstatic.com/D_Q_NP_2X_799127-MLA84552466814_052025-AB.webp
Audífonos Inalámbricos Qcy T13 Anc 2 Negro Bluetooth 5.3 30h De Uso Cancelación De Ruido Activa 28db,QCY,No disponible,4.8,(183),"S/95,87","S/71,90",25% OFF,https://http2.mlstatic.com/D_Q_NP_2X_791442-MLU73571022805_122023-AB.webp
Pack Proteina Bigm 5kg + Creabolic 500gr Sabor Vainilla,UN - UNIVERSE NUTRITION,Por Selltech ,4.3,(17),"S/286,31",S/183,36% OFF,https://http2.mlstatic.com/D_Q_NP_2X_683484-MLU75267176069_032024-AB.webp
Apple iPhone 16 Pro Max (256 Gb) - Titanio Negro,APPLE,Por Cases World ,4.9,(424),S/5.393,S/4.745,12% OFF,https://http2.mlstatic.com/D_Q_NP_2X_893557-MLU79115488779_092024-AB.webp
Zapatillas Reebok Hombre Urbanas Exofit | Ar3168,REEBOK,Por Boutique Boys ,4.3,(9),S/299,"S/189,79",36% OFF,https://http2.mlstatic.com/D_Q_NP_2X_635705-MPE50150223741_052022-AB-zapatillas-reebok-hombre-urbanas-exofit-ar3168.webp
Iso Gold Whey 6.6lbs Chocolate+creatina Dragon Pharma 300gr,DRAGON PHARMA,Por Selltech ,No disponible,No disponible,"S/559,80","S/386,26",31% OFF,https://http2.mlstatic.com/D_Q_NP_2X_651634-MPE81179089738_122024-AB-iso-gold-whey-66lbs-chocolatecreatina-dragon-pharma-300gr.webp
Shampoo + Acondicionador + Mascarilla Baor K Keratin Care,BAOR PROFESSIONAL,Por Emphase ,No disponible,No disponible,S/302,S/219,27% OFF,https://http2.mlstatic.com/D_Q_NP_2X_835192-MPE49838833231_052022-AB-shampoo-acondicionador-mascarilla-baor-k-keratin-care.webp
Plancha A Vapor Inalámbrica Gcstcc5000 Con Suela De Cerámica,OSTER,No disponible,5.0,(1),S/399,S/189,52% OFF,https://http2.mlstatic.com/D_Q_NP_2X_941309-MPE81720944520_012025-AB-plancha-a-vapor-inalambrica-gcstcc5000-con-suela-de-ceramica.webp
Canbo Cachorro Cordero 15 Kg Alimento Perro Delivery,CANBO,Por Alfadri ,4.9,(11),"S/269,90","S/218,61",19% OFF,https://http2.mlstatic.com/D_Q_NP_2X_896913-MLA82481575555_022025-AB.webp
Audífonos Inalámbricos Jbl Tune 520bt Azul,JBL,Por Ofertec ,4.8,(203),"S/184,29",S/125,32% OFF,https://http2.mlstatic.com/D_Q_NP_2X_866274-MLA74805955125_022024-AB.webp
Teclado Gamer Redragon Kumara K552 Qwerty Español Latinoamérica Color Negro Con Luz Rainbow,REDRAGON,No disponible,4.8,(555),S/270,"S/167,40",38% OFF,https://http2.mlstatic.com/D_Q_NP_2X_633051-MLA69945633453_062023-AB.webp
Set De Pesas 20kg + Adaptador Para Barra Recta +2 Mancuernas Color Cromado,SPORT RICHMAR,Por Hannzo Store ,4.9,(20),S/250,"S/199,90",20% OFF,https://http2.mlstatic.com/D_Q_NP_2X_842587-MLU78082823778_082024-AB.webp
iPad 10 Generación A2696 10.9 Pulgadas 64gb Plata 4gb De Memoria Ram,APPLE,Por Reolink ,4.8,(82),S/1.999,S/1.376,31% OFF,https://http2.mlstatic.com/D_Q_NP_2X_744504-MLU78024684162_082024-AB.webp
Zapatillas Puma Hombre Mapf1 Trinity 308516 02 Blanco,PUMA,Por Puma ,4.7,(3),"S/349,90","S/199,90",42% OFF,https://http2.mlstatic.com/D_Q_NP_2X_749640-MPE83235713922_042025-AB-zapatillas-puma-hombre-mapf1-trinity-308516-02-blanco.webp
Colchon Inflable Sommier 2 Plazas Premium Bestway Modelo 67403 220v Incorp Color Negro,BESTWAY,Por BESTWAY ,4.3,(6),"S/319,90","S/179,90",43% OFF,https://http2.mlstatic.com/D_Q_NP_2X_895436-MLU77405648107_072024-AB.webp
Zapatillas adidas Mujer Courtblock If6492 Negro,ADIDAS,Por adidas ,4.6,(40),"S/229,90",S/141,38% OFF,https://http2.mlstatic.com/D_Q_NP_2X_634114-MPE74918109248_032024-AB-zapatillas-adidas-mujer-courtblock-if6492-negro.webp
Switch Tp-link Ls1008g Litewave Serie Litewave,TP-LINK,No disponible,5.0,(21),"S/99,01","S/79,20",20% OFF,https://http2.mlstatic.com/D_Q_NP_2X_862305-MLA74780211205_022024-AB.webp
Old Spice Classic Eau De Parfum Hombre Frasco 188 Ml,OLD SPICE,No disponible,4.3,(11),"S/149,62","S/140,64",6% OFF,https://http2.mlstatic.com/D_Q_NP_2X_907452-MPE77054649783_062024-AB-old-spice-classic-eau-de-parfum-hombre-frasco-188-ml.webp
