category_id,category_name,product_id,product_title
MCO1747,Accesorios para Vehículos,MCO29790258,Inflador De Llantas Portable Compresor Carro Moto Balon Color Negro Fase eléctrica Monofásica 110V/220V
MCO1747,Accesorios para Vehículos,MCO34102999,Aspiradora Magnux Vertical Mano Hogar Carro Inalambrica
MCO1747,Accesorios para Vehículos,MCO39083482,Intercomunicador Para Moto Q58 Rgb Musica Bluetooth 25 Horas
MCO1747,Accesorios para Vehículos,MCO23892470,Intercomunicador Auriculares Casco Bluetooh Bt12 Moto Musica Sikeo Color Negro
MCO1747,Accesorios para Vehículos,MCO25714424,Perfume Carro Carblock Spray Ambientador Inmediato fragancia Auto 150 ml
MCO1747,Accesorios para Vehículos,MCO39932542,Radio Carro Magnux Bluetooth Tactil Camara Usb Sd Pantalla 7 Hd
MCO1747,Accesorios para Vehículos,MCO18609172,Aspiradora Truper Aspi-03 11l 2 Hp Sólidos Y Líquidos Color Naranja/Negro
MCO1747,Accesorios para Vehículos,MCO1269175549,<error 404>
MCO1747,Accesorios para Vehículos,MCO45575521,Telecomunicadores JZAQ Y10-2X para motociclista con bluetooth y audifonos 2 unidades
MCO1747,Accesorios para Vehículos,MCO28711219,Refrigerante Acdelco Dex-cool Naranja 50/50
MCO1747,Accesorios para Vehículos,MCO44715385,Compresor De Aire Mini Eléctrico Portátil Magnux Inflador Bomba1 1L 50W Negro
MCO1747,Accesorios para Vehículos,MCO41522928,Pijama Carpa Cubre Carro Grandprix Premium Impermeable Felpa - Talla XL
MCO1747,Accesorios para Vehículos,MCO17369115,Llanta delantera para moto Dunlop Arrowmax GT601 sin cámara de 100/80-17 H 52 x 1 unidad
MCO1747,Accesorios para Vehículos,MCO37817938,Candado-alarma Freno Disco Seguridad Para Motocicleta Y Bici
MCO1747,Accesorios para Vehículos,MCO25842577,Transmisor Radio Fm Bluetooth Mp3 Usb Tf Wam Cargador Auto
MCO1747,Accesorios para Vehículos,MCO27569352,Soporte para teléfono con espejo retrovisor 360º multiuso verde
MCO1747,Accesorios para Vehículos,MCO21025487,Compresor Portátil Multiusos CARSUN
MCO1747,Accesorios para Vehículos,MCO24691192,Pulidora Rotatoria Total 900W Modelo UTG109125565
MCO1747,Accesorios para Vehículos,MCO44706727,Llantas Dunlop 100/80/17 Y 140/70/17 Pulsar Fz Gixxer
MCO1747,Accesorios para Vehículos,MCO28765691,Xiaomi Portable Electric Air Compressor 2 / Inflado 6 Modos Color Negro Fase eléctrica Monofásica - 2A
MCO441917,Agro,MCO24738980,Gel Mata Cucarachas Palmera
MCO441917,Agro,MCO24829400,Fixit nivel laser 3 burbujas cinta métrica regla cruz horizontal vertical negro
MCO441917,Agro,MCO39026218,Taladro Pistola Llave Impacto 2 Bat + Accesorios Total Color Turquesa Frecuencia 50 Hz/60 Hz
MCO441917,Agro,MCO46209968,Taladro Percutor 1/2 Inalambrico Total 66nm +50 Acc Brushles Color Turquesa Frecuencia 50 Hz/60 Hz
MCO441917,Agro,MCO26183350,Bomba Sumergible Desagote Agua Sucia 1 Hp 13000 L/h
MCO441917,Agro,MCO44129334,Soldadora inverter Lincoln ARC 250 color rojo
MCO441917,Agro,MCO26373620,Peso Balanza Equipaje Pesaje Maleta Balanza Digital 50kg Portatil Viaje Pesa Para Maletas Balanzas Qatarshop
MCO441917,Agro,MCO24768463,Bomba Sumergible Plastica Para Agua Sucia 1½ Hp Truper 12604 BOS-1
MCO441917,Agro,MCO25477063,Inversor Conversor De Corriente Usb D 12v A 120v 120w Truper
MCO441917,Agro,MCO24394711,Bomba Sumergible Metálica Para Agua Sucia 1½ Hp Truper 12608
MCO441917,Agro,MCO32316291,Máquina Cortar Pelo Perros Mascotas Vgr V-208 Luz Cerámica Color Rojo
MCO441917,Agro,MCO24782865,Bomba Eléctrica Periférica De 1 Hp Truper 12114
MCO441917,Agro,MCO45443704,Taladro Inalambrico De 3/8 2 Vvr Furius Fcd12 Color Amarillo
MCO441917,Agro,MCO34723806,Soporte Base Para Taladro Mas Prensa
MCO441917,Agro,MCO23517582,Ecoflow River 2 Estación de Energía Portátil 300W Potencia 256Wh Capacidad
MCO441917,Agro,MCO23985211,Nivel láser de líneas cruzadas Bosch GLL 2-12 Professional 12m
MCO441917,Agro,MCO19728370,Taladro De Arbol Elite Tb500 Color Azul Frecuencia 60 HZ
MCO441917,Agro,MCO30318854,Kit Taladro Bauker 1/2-puLG 650w + Pulidora 4-1/2 820w Color Verde Frecuencia 60
MCO441917,Agro,MCO20724527,Nivel Laser Con Metro Alineador Tres Burbujas Multipropósito
MCO441917,Agro,MCO45724215,Taladro Percutor Atornillador Total TIDLI205581 Turquesa
MCO1403,Alimentos y Bebidas,MCO37156633,Dátiles Sin Semilla 500gr - Kg
MCO1403,Alimentos y Bebidas,MCO37156396,Almendra Natural 1 Kilo - Kg
MCO1403,Alimentos y Bebidas,MCO20038509,Aceite De Oliva 2 Litros Extra Virgen Member's Selection
MCO1403,Alimentos y Bebidas,MCO43581646,Yerba Mate Rosamonte 1 Kg - Kg
MCO1403,Alimentos y Bebidas,MCO21709409,Vitafer Energizante 500ml
MCO1403,Alimentos y Bebidas,MCO28871584,Almendra Natural 500gr - Kg
MCO1403,Alimentos y Bebidas,MCO20544310,Aceite De Oliva Extra Virgen 2 Litros. Producido En España
MCO1403,Alimentos y Bebidas,MCO20008483,Yerba Baldo Uruguaya 1 Kg
MCO1403,Alimentos y Bebidas,MCO36482102,Café Quindío Gourmet Molido454g
MCO1403,Alimentos y Bebidas,MCO21904735,Yerba Mate Playadito 500g
MCO1403,Alimentos y Bebidas,MCO28956950,Arandanos Deshidratados 500gr - Kg
MCO1403,Alimentos y Bebidas,MCO19974761,Café Juan Valdez Liofilizado Clásico 250gr Doypack
MCO1403,Alimentos y Bebidas,MCO39449827,Manteca Grasa De Cerdo Grassana 1000ml
MCO1403,Alimentos y Bebidas,MCO37163054,Manteca Grasa Cerdo Procegrasas - G
MCO1403,Alimentos y Bebidas,MCO28881558,Nuez De Macadamia 250gr - Kg
MCO1403,Alimentos y Bebidas,MCO38200637,Nuez Del Brasil 1kg - Kg
MCO1403,Alimentos y Bebidas,MCO41203717,Almendra 1 Kg
MCO1403,Alimentos y Bebidas,MCO37156412,Mani Natural 500gr
MCO1403,Alimentos y Bebidas,MCO23905916,"Blueberry Candy, Caramelos De Arándanos H - G A $13"
MCO1403,Alimentos y Bebidas,MCO50507217,Masmelos Millows Mini X 20g - G A
MCO1071,Animales y Mascotas,MCO17473366,Alimento BR for Cat Castrados para gato adulto sabor mix de 10 kg
MCO1071,Animales y Mascotas,MCO9365093,Alimento Taste of the Wild Rocky Mountain Feline para gato sabor venado asado y salmón ahumado de 6.3 kg
MCO1071,Animales y Mascotas,MCO19149377,Max Cat alimento professional line para gato adulto sabor pollo y arroz en bolsa de 10kg
MCO1071,Animales y Mascotas,MCO12017739,Alimento Hill's prescription diet urinary care c/d para gato adulto sabor pollo en bolsa de 1.8kg
MCO1071,Animales y Mascotas,MCO14369853,Monello Premium Especial alimento sabor salmon y pollo 7kg
MCO1071,Animales y Mascotas,MCO18209541,Alimento Chunky para perro adulto todos los tamaños sabor pollo de 4 kg
MCO1071,Animales y Mascotas,MCO16012480,Alimento Hill's Prescription Diet Kidney Care Feline para gato adulto sabor paté con pollo en lata de 156 g
MCO1071,Animales y Mascotas,MCO15982844,MSD Bravecto Proteção Pulgas Carrapatos Comprimido mastigável Perro - Marrón claro - 1 - 20 kg - 40 kg - 1 - Unidad - 1
MCO1071,Animales y Mascotas,MCO15196984,Alimento Diamond Naturals Adult Dog para perro adulto todos los tamaños sabor cordero y arroz de 2.72 kg
MCO1071,Animales y Mascotas,MCO17451776,Concentrado Nutra-nuggets Mantenimiento 15kg para Perro
MCO1071,Animales y Mascotas,MCO15378893,Diamond Naturals alimento para gato adulto sabor pollo y arroz en bolsa de 2.72kg
MCO1071,Animales y Mascotas,MCO10962723,Pro Plan Cat Urinary 3kg Nal
MCO1071,Animales y Mascotas,MCO32627825,Agility Gold Grandes Adultos 3 Kg
MCO1071,Animales y Mascotas,MCO29169052,Antiparasitario Nexgard Spectra Perros (una Tableta) 7.5 - 1
MCO1071,Animales y Mascotas,MCO8726956,Alimento Excellent Adult para gato adulto sabor Pollo/Carne/Arroz de 7.5 kg
MCO1071,Animales y Mascotas,MCO15983681,Boeringer Ingelhein NexGard Spectra Antipulgas Perro - Azul - 1 - 3.6 kg - 7.5 kg - 1 - Unidad - 1
MCO1071,Animales y Mascotas,MCO24048159,Max Performance 20+ Obs
MCO1071,Animales y Mascotas,MCO17472628,Orijen Original Cat alimento para gato sabor mix en bolsa de 5.4kg
MCO1071,Animales y Mascotas,MCO17452166,Alimento Taste of the Wild Canyon River Feline para gato adulto sabor trucha y salmón ahumado de 156 g
MCO1071,Animales y Mascotas,MCO20597297,"Alimento Equilibrio Gato Adulto 7.5kg Hairball Control, Promo x 8.25 Kg"
MCO1367,Antigüedades y Colecciones,MCO26811117,Ventilador Kalley Torre K-tf45 Cantidad de aspas 1 Color de la estructura Negro Color de las aspas Negro Diámetro 918 mm Material de las aspas Plástico
MCO1367,Antigüedades y Colecciones,MCO34138965,Ventilador Kalley De Torre K-tf60n Estructura Negro Aspas Negro 1
MCO1367,Antigüedades y Colecciones,MCO43938480,"Ventilador de mesa Genérica Mini ventilador USB con 3 palas de Plástico color negro estructura color negro, 25cm de diámetro 10"
MCO1367,Antigüedades y Colecciones,MCO43932195,Ventilador de torre Keluona E27 Ceiling Light Fan turbo estructura color blanco
MCO1367,Antigüedades y Colecciones,MCO23209013,Ventilador Turbo Silence Compact 2en1 Ng Samurai 14 Pulgadas
MCO1367,Antigüedades y Colecciones,MCO19123450,"Ventilador De Mesa O Pared 8 Kalley Vm8n02 Cantidad de aspas 3 Estructura Negro Aspas Negro Diámetro 7 "" Frecuencia 60 Material de las aspas Polipropileno"
MCO1367,Antigüedades y Colecciones,MCO29262058,Ventilador Portátil Recargable Panel Solar Incluye Ampolleta Cantidad de aspas 7 Estructura Blanco Aspas Gris Diámetro 17 cm Material de las aspas Plástico
MCO1367,Antigüedades y Colecciones,MCO21318959,Ventilador Torre OnOff by Plus Solution control remoto
MCO1367,Antigüedades y Colecciones,MCO23088286,"Ventilador Home Elements 3 En 1 Piso 16"" HECRSF-16BIN negro"
MCO1367,Antigüedades y Colecciones,MCO34231229,Ventilador Kalley 16'' K-vpar16c Estructura Blanco Aspas Blanco
MCO1367,Antigüedades y Colecciones,MCO28034189,Ventilador 18 Pared Home Elements Balinera 20 Horas De Uso Cantidad de aspas 6 Color de la estructura Negro Color de las aspas Gris Diámetro 46 cm Material de las aspas Polipropileno
MCO1367,Antigüedades y Colecciones,MCO21789278,"Licuadora Black + Decker 550W 4 Cuchillas, Jarra de Vidrio 1,25L BLBD210GR"
MCO1367,Antigüedades y Colecciones,MCO652323820,<error 404>
MCO1367,Antigüedades y Colecciones,MCO20653700,Ventilador Usb Mini Fan Silencioso Adios Calor Casa Oficina
MCO1367,Antigüedades y Colecciones,MCO19710634,"Ventilador De Pared Kalley K-vap26w Cantidad de aspas 3 Estructura Negro Aspas Negro Diámetro 26 "" Material de las aspas Plástico"
MCO1367,Antigüedades y Colecciones,MCO2410458692,<error 404>
MCO1367,Antigüedades y Colecciones,MCO19123449,Ventilador De Torre Samurai 1830006369 Eole Infinite Estructura Negro Aspas Negro
MCO1367,Antigüedades y Colecciones,MCO23691107,Ventilador Torre 32.3 Color de la estructura Negro Diámetro 0 cm
MCO1367,Antigüedades y Colecciones,MCO21884715,Ventilador Doble Autos Camionetas Tráiler Abanico Con 12v
MCO1367,Antigüedades y Colecciones,MCO1433246141,<error 404>
MCO1368,"Arte, Papelería y Mercería",MCO28861858,Cinta Ancha Adhesiva Transparen X 500metros Empaque Embalaje
MCO1368,"Arte, Papelería y Mercería",MCO24539340,Set Marcadores Doble Punta X 80 Und Funda Negra
MCO1368,"Arte, Papelería y Mercería",MCO28936722,Papel Carta Reciclado Caja Con 5200 Hojas 72g Ecologico Color Marrón claro Reprograf
MCO1368,"Arte, Papelería y Mercería",MCO38612968,Set De Arte Para Niños 208 Piezas Portátil Crayon Colores Color Azul
MCO1368,"Arte, Papelería y Mercería",MCO24339418,Colores Faber Castell Supersoft X 100
MCO1368,"Arte, Papelería y Mercería",MCO32627539,Boligrafo Esfero Semigel Caja12 - Unidad  Exterior Negro
MCO1368,"Arte, Papelería y Mercería",MCO29095301,Combo Porcelanicrón Masa Blanca + 22 Estiletes Doble Punta BP Color Blanco
MCO1368,"Arte, Papelería y Mercería",MCO21987960,10 Rollos papel térmico Nextep 80x70 blanco impresora 80mm ticket con iva
MCO1368,"Arte, Papelería y Mercería",MCO24005999,Calculadora Casio Fx570 Es Plus 2 Generación Color Negro
MCO1368,"Arte, Papelería y Mercería",MCO23027132,Calculadora Casio - Escuela Y Universidad Fx-991lacw-w-dt Color Negro
MCO1368,"Arte, Papelería y Mercería",MCO24349481,Colores Prismacolor Junior Redondos Caja X48 Punta 4mm
MCO1368,"Arte, Papelería y Mercería",MCO34380927,Papel Fotográfico Blanco Upper colors Adhesivo X 50 Hojas A4
MCO1368,"Arte, Papelería y Mercería",MCO50742544,Pack X3 Cintas Tela Automotor Amarre Cables 19mm X 25m Tesa Color Negro
MCO1368,"Arte, Papelería y Mercería",MCO26643079,Set De Plumones 168 Marcadores Plumones Doble Punta Estuche
MCO1368,"Arte, Papelería y Mercería",MCO25285912,"Pintura al óleo Winsor & Newton Winton, color rojo cadmio, tubo de 200 ml"
MCO1368,"Arte, Papelería y Mercería",MCO35957590,Tablero Aluminio Corcho 90 X 120 Grande Recordatorio
MCO1368,"Arte, Papelería y Mercería",MCO25662600,Calculadora Cientifica Casio Fx-991esplus Relojesymas Gris Esplus
MCO1368,"Arte, Papelería y Mercería",MCO23122868,DaVinci DIBUJO 27176 80 hojas lisas 1 materias unidad x 1 30.5cm x 22cm bocetos
MCO1368,"Arte, Papelería y Mercería",MCO37020664,Pegante Epoxico Rapido 5 Minutos Ultra Fuerte Resistente Agua Secado Transparente
MCO1368,"Arte, Papelería y Mercería",MCO28314135,Calculadora Cientifica Casio Fx 82es Plus 2da Edicion Rosa Color Rosado
MCO1384,Bebés,MCO46991299,Silla Comedor Bebe 3 En 1 Lyra Happy Baby Color Celeste Celeste
MCO1384,Bebés,MCO36314249,Silla Mecedora Vibradora Y Musical Para Bebe 3 En 1 Babyon NS4-1 Color Leon King Toldillo
MCO1384,Bebés,MCO47330630,Manilla Peluche Capibara Manilla Chiguiro Kawaii Manilla Mod Color Café
MCO1384,Bebés,MCO39943889,Almohada Embarazo Cuerpo Entero Tela Peluche Forro Interno Color Gris Liso Peluche Abrigados U
MCO1384,Bebés,MCO21896167,Crema Desitin Maximum Original
MCO1384,Bebés,MCO38479821,Tina Bañera Plegable Para Bebé Color Rosa Tina Bañera Plegable Para Bebé
MCO1384,Bebés,MCO21149334,Cetaphil Shampoo Jabon + Locion
MCO1384,Bebés,MCO27451884,Crema Lanolina Lansinoh Hpa | Tubo 40 Gr
MCO1384,Bebés,MCO32643128,Bicicleta De Equilibrio Ajustable Para Niños Aquila Color Rojo Aquila Charme
MCO1384,Bebés,MCO42088395,Gimnasio Musical Con Piano Bebes Móvil Estimulación Huanger
MCO1384,Bebés,MCO30999037,Cuna Corral Colecho Para Bebe Con mosquitero Sleep 2 en 1 Bebesit Incluye Bolsa de viaje
MCO1384,Bebés,MCO32318638,Peluche Cactus Luminoso Juguete Color Verde 60 Canciones
MCO1384,Bebés,MCO35173123,Jabon Pili Aclarante
MCO1384,Bebés,MCO47793413,Bañera Bebe Plegable Portátil Lee Priori Color Gris Gris
MCO1384,Bebés,MCO20546727,Desitin Cremaantipañalitis Bebe
MCO1384,Bebés,MCO32987894,Asiento adaptador infantil con escalera Kiddos color rosa
MCO1384,Bebés,MCO23036827,Extractor De Leche Doble Recargable
MCO1384,Bebés,MCO18917436,Leche de fórmula en polvo sin TACC Nestlé Nan Opti pro en caja de 1 de 1.4kg - 6 meses a 1 años
MCO1384,Bebés,MCO26920027,Bolsas Almacenamiento Leche Materna 50 Unidades Mom Purity
MCO1384,Bebés,MCO35516136,Silla Vibradora Mecedora Musical Niña-niños Baby Rocker Elefantica
MCO1246,Belleza y Cuidado Personal,MCO27635634,Minoxidil al 5% marca Laproff
MCO1246,Belleza y Cuidado Personal,MCO12813969,Serum de Niacinamida The Ordinary 10% + Zinc 1%- Apto para todo tipo de pieles en especial mixtas y grasas
MCO1246,Belleza y Cuidado Personal,MCO19559684,Gel Limpiador Espumoso CeraVe para piel normal a grasa
MCO1246,Belleza y Cuidado Personal,MCO41735472,Minoxidil Tableta Oral - MINOXITEN
MCO1246,Belleza y Cuidado Personal,MCO18638355,Máquina Afeitadora Y Cortadora De Pelo Geemy Gm-6589 Color Azul
MCO1246,Belleza y Cuidado Personal,MCO21641472,Oral Irrigador Elétrico Blanco
MCO1246,Belleza y Cuidado Personal,MCO29078198,Crema Dental Natural Sin Flúor
MCO1246,Belleza y Cuidado Personal,MCO44712238,Máquina afeitadora VGR VGR332 V-332 V332 dorada
MCO1246,Belleza y Cuidado Personal,MCO19144686,Minoxidil Forte 5% 5G Solución Tópica En Caja Por 3 Frascos De 60 mL C/U
MCO1246,Belleza y Cuidado Personal,MCO28301882,Afeitadora Philips OneBlade Face&Body Para Cara y Cuerpo QP2824/10 afeitadora corporal
MCO1246,Belleza y Cuidado Personal,MCO19901132,"Nivea Serum Facial Anti-manchas Cellular Luminous 630, 30ml"
MCO1246,Belleza y Cuidado Personal,MCO18987698,Ésika D'orsay Parfum 90ml para Hombre
MCO1246,Belleza y Cuidado Personal,MCO23459913,Protector Solar La Roche-Posay Anthelios UVMune 400 Oil Control SPF 50+ 50 ml - Fluido Invisible Piel Grasa
MCO1246,Belleza y Cuidado Personal,MCO23897830,Olla Para Cera Depilatoria + Cera Perlas + Aplicadores
MCO1246,Belleza y Cuidado Personal,MCO24301346,Crema Balsamo La Roche Posay Cicaplast Baume B5+ 40 Ml
MCO1246,Belleza y Cuidado Personal,MCO19975321,Protector Solar Eucerin Toque Seco Oil 50ml
MCO1246,Belleza y Cuidado Personal,MCO15279609,Plancha Alisadora Remington Shine Therapy Aguacate S9960 color verde
MCO1246,Belleza y Cuidado Personal,MCO19201171,Máscara Skala MAIS CACHOS hidratación de 1L 1kg
MCO1246,Belleza y Cuidado Personal,MCO18439134,Perfume OHM para caballero Yanbal 100ml
MCO1246,Belleza y Cuidado Personal,MCO21096841,Limpiador Hydrapore Control Imperfecciones 236ml Cerave
MCO1039,Cámaras y Accesorios,MCO34016199,Hollyland Lark M2 Combo Duo Microfono Ios Android Dslr Apple Color Negro
MCO1039,Cámaras y Accesorios,MCO21334079,Aro De Luz Led 26 Cm Con Trípode 2.1 metros máxima altura
MCO1039,Cámaras y Accesorios,MCO36050854,Tripode Stand Luz 1.6 Mts Fotografía Y Soporte Celular
MCO1039,Cámaras y Accesorios,MCO29425767,Micrófono de solapa inalámbrico doble iphone y android celular tipo C Sx31 color negro
MCO1039,Cámaras y Accesorios,MCO21334090,Aro De Luz Rgb Led Flash 33 Cm Fotografía Selfie + Trípode Color de la estructura Negro 5
MCO1039,Cámaras y Accesorios,MCO21334082,Aro De Luz Led Fotografía Selfie + Trípode + Control + Base Color de la estructura Negro Color de la luz Blanco
MCO1039,Cámaras y Accesorios,MCO21718737,Panel Luz Led Profesional Ulanzi VL49 Universal Ideal Video Fotografía Práctica Portátil Inalámbrica
MCO1039,Cámaras y Accesorios,MCO27125105,Trípode Weifeng 167cm Wt-3560 DSLR DV Para Cámara + Soporte Celular Fácil Transporte Altura Ajustable Cabezal Giratorio
MCO1039,Cámaras y Accesorios,MCO40583984,Panel De Luz Profesional 3000w Con Trípode Control Remoto B Estructura Negro Luz Blanco Puro / Blaco Calido / Luz Amarilla
MCO1039,Cámaras y Accesorios,MCO44069385,Trípode Cámara 3120a Hasta 102cm + Estuche + Clip Celular Color Negro
MCO1039,Cámaras y Accesorios,MCO22563886,Trípode Weifeng WT-3520 Para Cámara Video Y Fotografía Soporta Equipo De Fotografía Profesional Práctico Versátil Trípode Liviano De Aleación De Aluminio
MCO1039,Cámaras y Accesorios,MCO28393286,Cable Hdmi A Hdmi V1.4 Reforzado 5 Metros
MCO1039,Cámaras y Accesorios,MCO26530041,Aro De Luz 45 Cm Rgb Led Trípode Profesional Control Remoto Color de la estructura Negro
MCO1039,Cámaras y Accesorios,MCO19741266,Tarjeta Micro Sd Wd Purple Sc 64gb
MCO1039,Cámaras y Accesorios,MCO35710792,Kit Estabilizador Soporte Celular Luz Led Vlog Video Ay49 Color Negro
MCO1039,Cámaras y Accesorios,MCO46947385,Tripode Profesional Porta Camara Laser Fotos Obras Aluminio Color Negro
MCO1039,Cámaras y Accesorios,MCO42198312,Camara Fotografica Niños Diseño de Raton Color Rosa
MCO1039,Cámaras y Accesorios,MCO29098324,Trípode Celular Cámara Eternall E-170 Portátil Aluminio 170 Cm + Bolso + Soporte + Control Bluetooth
MCO1039,Cámaras y Accesorios,MCO28465181,"Impresora térmica de etiquetas Niimbot D110 Bluetooth, 1 rollo USB blanco"
MCO1039,Cámaras y Accesorios,MCO20903911,Aro De Luz 26 Cm Con Trípode Profesional 2 M De Altura Rgb Color de la estructura Negro
MCO1051,Celulares y Teléfonos,MCO39962085,Auriculares Xiaomi Redmi Buds 6 Play Color Negro
MCO1051,Celulares y Teléfonos,MCO42261814,"Celular Xiaomi Redmi 14c 4GB 256GB LCD 6.88"" 50MP 13MP Azul Astral"
MCO1051,Celulares y Teléfonos,MCO45680391,Xiaomi Poco X7 Pro 5g 512gb Verde 12ram 50mpx
MCO1051,Celulares y Teléfonos,MCO51541038,Xiaomi Redmi Note 14 Sand Gold 8gb Ram 256gb Ram
MCO1051,Celulares y Teléfonos,MCO40699672,Xiaomi Redmi 13 Dual SIM 128 GB negro 6 GB RAM
MCO1051,Celulares y Teléfonos,MCO40564881,Audífonos Inalámbricos Xiaomi Redmi Buds 6 Active Color Azul Claro Luz Azul Claro
MCO1051,Celulares y Teléfonos,MCO28765287,Power Bank Batería Portátil 20000mah Pd 22.5w Carga Rápida 1hora Gar158 Con 1 Puerto Salida USB 2 Puertos Entrada Salida Tipo C Con Linterna Incorporado de Luz Fuerte
MCO1051,Celulares y Teléfonos,MCO36513474,Cargador Tipo C 30w Carga Rápida Compatible Con iPhone 15 Samsung Huawei Xiaomi Motorola Con Cable Tipo C
MCO1051,Celulares y Teléfonos,MCO29761235,Samsung Galaxy A05 Dual SIM 128 GB plateado 4 GB RAM
MCO1051,Celulares y Teléfonos,MCO6344842,Audífonos in-ear JBL Tune 110 JBLT110 blue
MCO1051,Celulares y Teléfonos,MCO21334121,Power Bank Batería Portátil 10000mah con Built In 4 Cables Micro USB V8 IP Tipo C 1Hora con Pantalla Digital Cargador de Batería Compatible con iPhone 16 15 14 13 12 Samsung S22 S21 Xiaomi Huawei
MCO1051,Celulares y Teléfonos,MCO41279269,Auriculares Xiaomi Redmi Buds 6 Lite - Cover Company Negro
MCO1051,Celulares y Teléfonos,MCO25874702,Cargador 20w Carga Rápida GaN Cargador portátil Compatible con iPhone XS/xr/11/12/13/14 Cargador y Cable USB-C
MCO1051,Celulares y Teléfonos,MCO44115363,"Teléfono celular Samsung Galaxy A16, 256 GB + 8 GB de RAM, cámara de hasta 50 MP, pantalla 6.7, NFC, Ip54, batería negra de 5000 mAh"
MCO1051,Celulares y Teléfonos,MCO45818940,"Xiaomi Redmi Note 14 4g 6,67 128gb 6gb Ram Cámara 108mpx - Color Negro"
MCO1051,Celulares y Teléfonos,MCO23508486,Adaptador Convertidor Usb 3.0 Hembra Otg A Tipo C Macho Color Negro
MCO1051,Celulares y Teléfonos,MCO19506697,Audífonos Sony Internos Inalámbricos Wi-c100 Color Negro
MCO1051,Celulares y Teléfonos,MCO33997738,"Samsung Galaxy Fit 3 Smartwatch Sport, Gris Oscuro, Pantalla AMOLED 1.6"", Resistencia Agua 50m"
MCO1051,Celulares y Teléfonos,MCO17546621,Auriculares in-ear inalámbricos MRESXSERM Bluetooth F9-5 F9-5 blanco con luz verde oscuro LED
MCO1051,Celulares y Teléfonos,MCO45748930,Xiaomi Redmi Note 14 Pro 5g Negro 256gb 8ram 200mpx
MCO1648,Computación,MCO46404578,Unitec U-1200va Color Negro
MCO1648,Computación,MCO18917848,Control Inalámbrico Dualsense Galactic Purple | G0006617
MCO1648,Computación,MCO36242843,Soporte North Bayou F-80 para televisor/monitor 17-30 Graphite. Color: gris oscuro.
MCO1648,Computación,MCO21346650,Soporte Tv 32 A 65 P4 Grande Brazo Largo Giratorio Preto NIA AN p4
MCO1648,Computación,MCO26215796,Auriculares in-ear gamer inalámbricos Lenovo ThinkPlus GM2 PRO 2S36005798HCD2004857 blanco con luz LED
MCO1648,Computación,MCO30164071,Soporte Para Portatil 9 -15 En Aluminio Color Negro
MCO1648,Computación,MCO36513474,Cargador Tipo C 30w Carga Rápida Compatible Con iPhone 15 Samsung Huawei Xiaomi Motorola Con Cable Tipo C
MCO1648,Computación,MCO35339869,Disco sólido SSD interno Adata Ultimate SU650 ASU650SS-512GT-R 512GB
MCO1648,Computación,MCO17451543,Memoria Ram 8GB 3200Mhz Ddr4 Crucial
MCO1648,Computación,MCO21334121,Power Bank Batería Portátil 10000mah con Built In 4 Cables Micro USB V8 IP Tipo C 1Hora con Pantalla Digital Cargador de Batería Compatible con iPhone 16 15 14 13 12 Samsung S22 S21 Xiaomi Huawei
MCO1648,Computación,MCO18610706,Kit de teclado y mouse inalámbrico Logitech MK235 Español de color Gris Grafito
MCO1648,Computación,MCO35740472,Hub Adaptador Usb C 8 En 1 Multipuerto Ethernet Concentrador Multiplicador Rj45 Aluminio
MCO1648,Computación,MCO28364351,Base Soporte Portatil Aluminio Mac Macbook 10-16 Pulgadas Color 283165
MCO1648,Computación,MCO26042278,Silla Escritorio Ejecutiva Ergonómica Reclinable Oficina Pc Color Negro Material del tapizado Malla
MCO1648,Computación,MCO16211425,"Logitech G203 Lightsync, Mouse Gamer Rgb / 8000dpi - Lila"
MCO1648,Computación,MCO40656539,Starlink Kit De Internet Satelital Mini color Blanco
MCO1648,Computación,MCO22522892,Control joystick inalámbrico Microsoft Wireless Controller Series X|S Series X e S deep pink
MCO1648,Computación,MCO19712370,Repetidor Extensor De Rango Wifi Dual Band 5g Tp-link Ac750 Color Blanco
MCO1648,Computación,MCO22737313,"Ups Interactiva Forza Bt-1001, 1000va/600w 8 Tomas Regulador Color Negro"
MCO1648,Computación,MCO16241538,"Logitech G305, Mouse Gamer Inalámbrico / 12000dpi - Azul Color Blue"
MCO1144,Consolas y Videojuegos,MCO41149389,Auriculares Inalámbricos Xiaomi Redmi Buds 6 Blanco
MCO1144,Consolas y Videojuegos,MCO19837562,Audífonos Kz Edx Pro - Con Micrófono - Hifi Alta Definición
MCO1144,Consolas y Videojuegos,MCO18010993,Sony PlayStation DualSens Joystick inalámbrico black CFI-ZCT1W
MCO1144,Consolas y Videojuegos,MCO26215796,Auriculares in-ear gamer inalámbricos Lenovo ThinkPlus GM2 PRO 2S36005798HCD2004857 blanco con luz LED
MCO1144,Consolas y Videojuegos,MCO6344841,Audífonos Jbl T110 In-ear Negro Color Black
MCO1144,Consolas y Videojuegos,MCO44549478,Audifonos Xiaomi Redmi Buds 6 Lite Blanco
MCO1144,Consolas y Videojuegos,MCO23138485,Audífonos Inalámbricos Wh-ch520 Color Beige
MCO1144,Consolas y Videojuegos,MCO16268161,Control Inalámbrico Microsoft Xbox Series X|s Robot White
MCO1144,Consolas y Videojuegos,MCO34016199,Hollyland Lark M2 Combo Duo Microfono Ios Android Dslr Apple Color Negro
MCO1144,Consolas y Videojuegos,MCO6417063,Diadema Logitech H390 USB Negro Con Micrófono
MCO1144,Consolas y Videojuegos,MCO27465188,Auriculares inalámbricos JBL Tune 770 NC JBLT770NC blanco
MCO1144,Consolas y Videojuegos,MCO19506697,Audífonos Sony Internos Inalámbricos Wi-c100 Color Negro
MCO1144,Consolas y Videojuegos,MCO33997846,Control Dualsense Ps5 White Sony
MCO1144,Consolas y Videojuegos,MCO16056056,Auriculares gamer Redragon Gamer Ares H120 negro y rojo
MCO1144,Consolas y Videojuegos,MCO42464826,Audifonos Bluetooth Inalambricos Tactiles Led Tws F9-5 Color Negro
MCO1144,Consolas y Videojuegos,MCO38518568,Auriculares Inalámbricos Bt Xiaomi Redmi Buds 6 Active Color Color Blanco
MCO1144,Consolas y Videojuegos,MCO41990487,Xiaomi Audifonos Redmi Buds 6 Active color negro
MCO1144,Consolas y Videojuegos,MCO25557590,"Audifonos Jbl Tune 520, On Ear color negro"
MCO1144,Consolas y Videojuegos,MCO25354333,Audífonos Inalámbricos Conducción Ósea Lenovo Thinkplus X3 Pro
MCO1144,Consolas y Videojuegos,MCO19169955,Control joystick inalámbrico Genérica Suono Wireless controller x3 negro
MCO172890,Construcción,MCO26915038,Organizador De Baño Estantería Mueble Ahorrador De Espacio 3 Color Blanco
MCO172890,Construcción,MCO30463814,Multitoma Electrica 6 Tomas Polo A Tierra 3 Metros
MCO172890,Construcción,MCO27114472,Ducha Eléctrica Boccherini 110v Fusion + Ducha 20cm X 20cm Ccol
MCO172890,Construcción,MCO40557087,Llave flexible monocontrol lavaplatos Grifo Hogar
MCO172890,Construcción,MCO21907955,Escalera Portatil Multipropósito 16 Pasos Color Plateado
MCO172890,Construcción,MCO34096494,Extension Electrica Encauchetada Industrial 5m Color Naranja Oscuro
MCO172890,Construcción,MCO23442288,Femmto Dext01 Columna De Ducha Exterior Monocomando Sanitario Cromado
MCO172890,Construcción,MCO16039929,Bomba periférica periférica Pretul BOAP-1/2P3 color amarillo Monofásica
MCO172890,Construcción,MCO26957171,Interruptor Sencillo Negro Black Mirror De Lujo
MCO172890,Construcción,MCO35583661,Escalera Plegable Multifuncional De 12 Pasos En Aluminio Col Color Plateado
MCO172890,Construcción,MCO39876015,Toma Corriente Adaptador Eléctrico Universal Con Protección
MCO172890,Construcción,MCO27067488,Toma Corriente Doble En Acero Inoxidable De Lujo Color Gris
MCO172890,Construcción,MCO26047277,Escalera Plegable 2 Pasos Acero Capacidad 150kg Pretul 24118 Color Negro con Gris
MCO172890,Construcción,MCO25189171,Multitoma Cargador De Pared Usb C Protector Sobretension
MCO172890,Construcción,MCO23417279,Extensión Eléctrica Duplex 2x14 2m Blanca Fulgore Fp0117 Color Blanco
MCO172890,Construcción,MCO21263526,Bomba Presurizadora 1/6HP Bp30l-9m 120w - 2 Baños
MCO172890,Construcción,MCO37817097,Organizador Estante De Lavadora Baño Metalico Rack 3 Niveles Color Colores
MCO172890,Construcción,MCO36272753,Multitomas Electrico 6 Entradas Con Protección 5 Metros Color Blanco 125
MCO172890,Construcción,MCO25345189,Interruptor Inteligente Wifi 1 Botón Color Blanco
MCO172890,Construcción,MCO28992050,Interruptor Sencillo Blanco Premium White De Lujo
MCO1276,Deportes y Fitness,MCO41019871,Xiaomi Redmi Watch 5 Active Negro
MCO1276,Deportes y Fitness,MCO23072789,Colchón Inflable Doble Best Way Más 2 Almohadas E Inflador
MCO1276,Deportes y Fitness,MCO39207327,Termo Botella Agua Termica Buffer Acero Inoxidable +4 Tapas Sage Green
MCO1276,Deportes y Fitness,MCO50970016,Kit De Pesas Mancuernas Marca Magnux Para Ejercicio Gym
MCO1276,Deportes y Fitness,MCO34102507,Colchoneta Magnux Yoga Pilates Mat Tapete Ejercicios 10mm De Grosor
MCO1276,Deportes y Fitness,MCO33974408,Mancuernas Pesas 40kg 80lb Antideslizante Termoforradas Barr Color Negro/Rojo
MCO1276,Deportes y Fitness,MCO27153622,Termo Botella Termica Agua Acero Inoxidable Buffer 1l +tapas Negro
MCO1276,Deportes y Fitness,MCO42025529,Yoga Mat Tapete Colchoneta Para Ejercicio 6mm Color Verde - Monoko
MCO1276,Deportes y Fitness,MCO47221931,Yoga Mat Colchoneta Tapete Para Ejercicio 10mm Color Morado Monoko
MCO1276,Deportes y Fitness,MCO45993400,Kit 2 mancuernas Magnux 21KGESTUCHE 20 kg con estuche para ejercicio color negro
MCO1276,Deportes y Fitness,MCO25532405,Silla Plegable Stay Elit SILLA-3 Camping Color Negro
MCO1276,Deportes y Fitness,MCO29458071,Rodilleras Deportivas Voleibol Volleyball Acolchadas Voley Color Negro Talla M
MCO1276,Deportes y Fitness,MCO34227673,Kit elástico para entrenamientos de musculación en casa
MCO1276,Deportes y Fitness,MCO29356676,Fitnics Set de 2 toallas microfibra con estuche 120x60cm 80x30cm color azul
MCO1276,Deportes y Fitness,MCO19805520,Termo Bomba 1.9 Litros Home Elements Color Plata
MCO1276,Deportes y Fitness,MCO24820595,Rodillera ortopédica articulada con ajuste reforzado por compresión
MCO1276,Deportes y Fitness,MCO35796077,Rollo De Cinta Kinesiologica Neuromuscular Kinesiotape Color Colores
MCO1276,Deportes y Fitness,MCO22693273,Colchón Inflable Doble Con Bomba Eléctrica 203 X 152 X 46cm
MCO1276,Deportes y Fitness,MCO34020531,Colchoneta Yoga Mat Pilates Sportfitness 6mm Ejercicio + Cor Color Negro
MCO1276,Deportes y Fitness,MCO29594057,Bolas De Tenis Wilson Tarro De Pelotas X3 Grand Slam Color Amarillo
MCO5726,Electrodomésticos,MCO28324014,"Ventilador Samurai Air Power Pedestal Negro Cantidad de aspas 4 Color de las aspas Gris Diámetro 16 "" Frecuencia 60 Hz Material de las aspas Polipropileno 120"
MCO5726,Electrodomésticos,MCO15462294,Balanza gramera de cocina digital SQ Cozinha SF-400 pesa hasta 10kg blanca
MCO5726,Electrodomésticos,MCO18706339,Cafetera Imusa Café City 6 tazas semi automática negra de filtro
MCO5726,Electrodomésticos,MCO18781058,Aspiradora Vertical Electrolux Power Speed Stk12 Color Negro
MCO5726,Electrodomésticos,MCO35821720,Kit 3 Repuestos Purificador De Agua 14/16 Lts Combo Filtro C Color Blanco
MCO5726,Electrodomésticos,MCO44712238,Máquina afeitadora VGR VGR332 V-332 V332 dorada
MCO5726,Electrodomésticos,MCO18185615,Aspiradora Vertical 2 En 1 Power Speed Plus Electrolux Stk14 Color Denim blue
MCO5726,Electrodomésticos,MCO22372973,Balanza Gramera Bascula Digital Pesa Cocina Acero Inox 5 Kgs Color Acero inoxidable
MCO5726,Electrodomésticos,MCO21958556,Plancha De Ropa Black & Decker Vapor Irbd300 Trueglide Azul
MCO5726,Electrodomésticos,MCO44728577,Nebulizador inalámbrico mesh Mesh 2020 blanco
MCO5726,Electrodomésticos,MCO41451960,"Oster® Freidora De Aire Manual, Capacidad 3.8l Antiadherente Color Negro 127"
MCO5726,Electrodomésticos,MCO19170687,Licuadora Black+Decker Durapro BLBD210G 1.25 L negra con vaso de vidrio
MCO5726,Electrodomésticos,MCO18619153,Ventilador Samurai Ultra Silence Force 2 en 1
MCO5726,Electrodomésticos,MCO24458389,Calentador Eléctrico Plegable Portable Hervidor De Liquido Color Blanco
MCO5726,Electrodomésticos,MCO35583118,Nebulizador Portatil Adulto Y Pediatrico Nube + Color Blanco
MCO5726,Electrodomésticos,MCO26811117,Ventilador Kalley Torre K-tf45 Cantidad de aspas 1 Color de la estructura Negro Color de las aspas Negro Diámetro 918 mm Material de las aspas Plástico
MCO5726,Electrodomésticos,MCO21239613,Balanza Gramera Báscula Digital Cocina Capacidad Hasta 10kg Capacidad máxima 10 kg Color Blanco
MCO5726,Electrodomésticos,MCO19641189,"Freidora De Aire Imusa Air Fryer Esencial 3,2 Litros Negro"
MCO5726,Electrodomésticos,MCO23690755,Afeitadora Shaver Corta Barba Calvo Vgr V-331 Recargable
MCO5726,Electrodomésticos,MCO42468402,Extractor De Jugos Automatico Frutas Y Verduras Sokany Color Gris
MCO1000,"Electrónica, Audio y Video",MCO21087858,Roku Express 3960 HD dispositivo de streaming con control remoto
MCO1000,"Electrónica, Audio y Video",MCO19795010,Amazon Echo Dot 5th Gen Con Asistente Virtual Alexa Color Negro
MCO1000,"Electrónica, Audio y Video",MCO24249930,Onn Uhd Streaming 4k 2 Gb Ram Google Tv 2023 Color Negro Tip Tipo de control remoto De voz
MCO1000,"Electrónica, Audio y Video",MCO43931861,Proyector Mini Magcubic Ultra Hd Projector Multimedia 8000lm Blanco
MCO1000,"Electrónica, Audio y Video",MCO19837562,Audífonos Kz Edx Pro - Con Micrófono - Hifi Alta Definición
MCO1000,"Electrónica, Audio y Video",MCO15248175,Soporte Monitor North Bayou Nb F80 Ergonomico
MCO1000,"Electrónica, Audio y Video",MCO21346650,Soporte Tv 32 A 65 P4 Grande Brazo Largo Giratorio Preto NIA AN p4
MCO1000,"Electrónica, Audio y Video",MCO38921521,"Auriculares Xiaomi Redmi Buds 6 Active Bluetooth 5.4, Negro"
MCO1000,"Electrónica, Audio y Video",MCO18593745,Amazon Fire TV Stick de voz 3.ª generación Full HD 8GB negro con 1GB de memoria RAM
MCO1000,"Electrónica, Audio y Video",MCO6344841,Audífonos Jbl T110 In-ear Negro Color Black
MCO1000,"Electrónica, Audio y Video",MCO21189831,Audífonos Pods Pro Oem Compatible iPhone Y Android Premium Color Blanco
MCO1000,"Electrónica, Audio y Video",MCO23138485,Audífonos Inalámbricos Wh-ch520 Color Beige
MCO1000,"Electrónica, Audio y Video",MCO24285349,Micrófonos Inalámbricos Solapa 2 En 1 Para iPhone/tipo C Color Negro
MCO1000,"Electrónica, Audio y Video",MCO35336412,Proyector Smart Para Cine En Casa Hy300 1080hd Android 11 Co Color Blanco
MCO1000,"Electrónica, Audio y Video",MCO23995388,Amazon Echo Pop C2H4R9 con asistente virtual Alexa Control de Voz Charcoal
MCO1000,"Electrónica, Audio y Video",MCO18247670,Audífonos inalámbricos Conducción Ósea Lenovo X4 negro
MCO1000,"Electrónica, Audio y Video",MCO37260116,Auriculares Bluetooth Lenovo Sports Racing Xt80 Color Negro
MCO1000,"Electrónica, Audio y Video",MCO6417063,Diadema Logitech H390 USB Negro Con Micrófono
MCO1000,"Electrónica, Audio y Video",MCO16213666,Soporte Para Tv Extensible Doble Nb Northbayou P6 De 40 A 75 Color Negro
MCO1000,"Electrónica, Audio y Video",MCO15255286,Home Design HDL-117B-2 - Negro
MCO175794,Herramientas,MCO25943729,Tomtary GN-848 Hidrolavadoras Inalámbrica Pistola De Lavado Alta Presión Color Negro
MCO175794,Herramientas,MCO29790258,Inflador De Llantas Portable Compresor Carro Moto Balon Color Negro Fase eléctrica Monofásica 110V/220V
MCO175794,Herramientas,MCO37476338,Hidrolavadora Inalambrica Portátil Recargable 2 Baterias Color DISPONIBILIDAD
MCO175794,Herramientas,MCO36412940,Hidrolavadora Inalambrica Portátil Recargable 2 Baterías Color Negro Frecuencia 50
MCO175794,Herramientas,MCO26033686,Hidrolavadora Electrica TRENT HLT307 1400W Alta presion 1600 Psi 110 Bar
MCO175794,Herramientas,MCO26370400,Hidrolavadora Electrica Trent Hlt203 1400w Alta Presion 1600 Psi 110 Bar Con Accesorios
MCO175794,Herramientas,MCO25929230,Inalámbrica Hidrolavadora/pistola Lavado Coche 48v Portatil Negro
MCO175794,Herramientas,MCO44735443,Taladro percutor atornillador inalámbrico de 13mm DeWalt Dcd7781d1-Br + accesorio
MCO175794,Herramientas,MCO25676259,Pulidora 4 -1/2 650w 12000rpm Black + Decker G650-b3 110
MCO175794,Herramientas,MCO1267505191,<error 404>
MCO175794,Herramientas,MCO36047846,Pistola De Calor Industrial 1600w Total + Accesorios Utb1607
MCO175794,Herramientas,MCO34018995,"Juego De Herramienta 85pz Copas, Puntas, Ratchet Y Llaves Allen. Mecánica Básica Carro Moto Ferreco Basics"
MCO175794,Herramientas,MCO27395094,Juego Destornilladores Torx 30 Piezas Punta Magnética Truper
MCO175794,Herramientas,MCO17969128,"Taladro rotomartillo atornillador eléctrico de 1/2"" Truper ROTO-1/2A7, 650W, caja de cartón, 60Hz"
MCO175794,Herramientas,MCO47809460,Hidrolavadora Inalámbrica Dos Pilas 1 Año Certi Color Negro Frecuencia 60 Hz
MCO175794,Herramientas,MCO41149183,"Hidrolavadora Inalámbrica Portátil 48v 2 Baterías Alta Potencia, Color Negro Marca 52 Bits 110v"
MCO175794,Herramientas,MCO27113138,Pistola Pintar Rociadora Total UTT5006 Color Azul
MCO175794,Herramientas,MCO19046342,Hidrolavadora Eléctrica Truper Hila-1500 Psi 1.9 Hp 1400 W Color Naranja/Negro
MCO175794,Herramientas,MCO24539424,Taladro Atornillador Inalámbrico 10mm Maxtools MT-TOTAINH 24v 23nm 27 Accesorios
MCO175794,Herramientas,MCO40583845,Hidrolavadora Electrica Karcher compacta 1200W Amarillo 1200 PSI 1.994-378.0
MCO1574,Hogar y Muebles,MCO26452224,Closet Ropero Armable 3 Puertas Organizador Portatil Color Color Gris
MCO1574,Hogar y Muebles,MCO18593981,Cámara de Seguridad TP-Link Tapo Smart C200 V1 con Resolución 2Mp Visión Nocturna Incluida Color Blanco
MCO1574,Hogar y Muebles,MCO13937334,Balanza gramera de cocina digital SQ Cozinha SF-400 pesa hasta 7kg blanca
MCO1574,Hogar y Muebles,MCO24201094,Zapatero Closet De 9 Niveles Armable Organizador De Zapatos Color Negro
MCO1574,Hogar y Muebles,MCO26446015,Estante Metalico Organizador Stay Elit Hogar Rack-10 Color Marrón
MCO1574,Hogar y Muebles,MCO26915038,Organizador De Baño Estantería Mueble Ahorrador De Espacio 3 Color Blanco
MCO1574,Hogar y Muebles,MCO28909848,Seca plato acero inoxidable 66cm escurridor vajilla 2 pisos color negro
MCO1574,Hogar y Muebles,MCO26684781,Flor Ducha Cuadrada Acero Inoxidable 20x20 + Brazo Caño 38cm Acabado Cromado Color Gris
MCO1574,Hogar y Muebles,MCO31013973,"Dispensador De Agua Eléctrico Recargable, Usb, Bomba De Agua Color Negro"
MCO1574,Hogar y Muebles,MCO563762969,<error 404>
MCO1574,Hogar y Muebles,MCO26799136,Cámara de seguridad Genérica IK100 WIFI con resolución Full HD 1080p visión nocturna incluida color blanco
MCO1574,Hogar y Muebles,MCO20867647,Silla Escritorio Brazos Cuero Sintético Neumatica Max 90kg
MCO1574,Hogar y Muebles,MCO21863104,Closet Ropero Armario Armable Reforzado Stay Elit Clos 03 1.75 M Hogar Color Negro
MCO1574,Hogar y Muebles,MCO35101660,Zapatero Organizador Metálico 4 Niveles 8 Pares Color Negr /plata
MCO1574,Hogar y Muebles,MCO19051109,Silla de Escritorio para Oficina Ergonómica Presidente Ergonomus Niza base nylon
MCO1574,Hogar y Muebles,MCO33282700,Shuniking MB19 juego de utensilios de cocina 19 unidades de cocina
MCO1574,Hogar y Muebles,MCO28829793,Termómetro Digital Cocina Barbacoa + Batería Color Negro
MCO1574,Hogar y Muebles,MCO42704952,Mesa Plegable Plástica Portátil Tipo Portafolio Para Jardin Eventos y exterior Color Blanco de 180 cm
MCO1574,Hogar y Muebles,MCO38028257,Almohada Ortopédica Cervical Descanso Transpirable Cuello. C Color Blanco
MCO1574,Hogar y Muebles,MCO29364655,Organizador Frasco Hermetico Cocina Tupper Recipiente X7 Color Negro
MCO1499,Industrias y Oficinas,MCO27526482,Tirillas Glucoquick Diamond Gd50 X 30 Color Blanco
MCO1499,Industrias y Oficinas,MCO19051109,Silla de Escritorio para Oficina Ergonómica Presidente Ergonomus Niza base nylon
MCO1499,Industrias y Oficinas,MCO18185615,Aspiradora Vertical 2 En 1 Power Speed Plus Electrolux Stk14 Color Denim blue
MCO1499,Industrias y Oficinas,MCO24860218,Tirillas Glucoquick G30a X 200 Color Blanco
MCO1499,Industrias y Oficinas,MCO28861858,Cinta Ancha Adhesiva Transparen X 500metros Empaque Embalaje
MCO1499,Industrias y Oficinas,MCO26042280,Silla Ejecutiva Ergonómica Reclinable Con Espaldar Color Negro
MCO1499,Industrias y Oficinas,MCO20862685,Resma Reprograf carta bond de 500 hojas de 75g blanco por unidad
MCO1499,Industrias y Oficinas,MCO24216229,Licuadora Oster 6 Velocidades Vaso De Vidrio 1.5 Litros Color Rojo
MCO1499,Industrias y Oficinas,MCO42200057,Licuadora Personal Hamilton Beach 51101bv Negra Color Negro Color Rosa
MCO1499,Industrias y Oficinas,MCO46920975,Tapa Oídos Dormir Protectores Auditivos Tapones Antiruido Color Negro con estuche
MCO1499,Industrias y Oficinas,MCO18620348,"Licuadora Oster Classic BLST4655 de acero cepillado de 1,25 L con tarro de vidrio"
MCO1499,Industrias y Oficinas,MCO36451593,Probador De Billetes 4w Detector Tubo Luz Ultravioleta
MCO1499,Industrias y Oficinas,MCO35236158,Cajon Monedero Metalico 5 Puestos Billetes Rj11 Monedas
MCO1499,Industrias y Oficinas,MCO41791621,Maquina Contadora De Billetes Bill Counter + Lap
MCO1499,Industrias y Oficinas,MCO23435092,Balanza Bascula Inalambrica 200kg En Alfajor Recargable Icm Color Azul acero
MCO1499,Industrias y Oficinas,MCO41320499,Calogy Mini Prensa De Calor Color Blaco-Naranja
MCO1499,Industrias y Oficinas,MCO41657082,"Licuadora Imusa Ultraforce + 2v, 1000w, Vidrio, 2.2l"
MCO1499,Industrias y Oficinas,MCO50326895,Maquina Selladora De Bolsas Al Vacio Empacadora Automatica
MCO1499,Industrias y Oficinas,MCO22341517,"Basurera Multiusos, Plegable Colgante Cocina"
MCO1499,Industrias y Oficinas,MCO34964064,Cajon Monedero Dig - 4101 Rieles 100% Metalicos 13 Compartimientos Rj11 Color Negro
MCO1182,Instrumentos Musicales,MCO28017178,Ukelele Soprano Femmto de Madera Uk01-21 Ukulele Color Marrón
MCO1182,Instrumentos Musicales,MCO43968810,Guitarra Electrica Magnux Stratocaster Amplificador Negra Blanca Musica
MCO1182,Instrumentos Musicales,MCO21619970,Cuerdas Daddario Guitarra Acustica Ez890 09-045
MCO1182,Instrumentos Musicales,MCO21721528,Encordado Guitarra Acústica Ej46 Nylon - Tensión Alta
MCO1182,Instrumentos Musicales,MCO15075050,Micrófono Condensador Audio-technica At2020 Color Negro
MCO1182,Instrumentos Musicales,MCO21094029,Encordado para guitarra clasica D'Addario Classic EJ27N
MCO1182,Instrumentos Musicales,MCO21724583,Encordado Guitarra Electrica Ernie Ball .09 Eb2222
MCO1182,Instrumentos Musicales,MCO43922865,Guitarra Electrica Magnux Stratocaster Amplificador Blanca Musica New
MCO1182,Instrumentos Musicales,MCO1326618243,<error 404>
MCO1182,Instrumentos Musicales,MCO25746188,Flauta Dulce Soprano Yamaha Yrs-23 (beige) Yrs23 Color Beige
MCO1182,Instrumentos Musicales,MCO21771348,Encordado Guitarra Eléctrica Ernie Ball 9-42
MCO1182,Instrumentos Musicales,MCO38918809,"Filtro Anti Pop Neewer Para Micrófono, Pop-filter Antipop"
MCO1182,Instrumentos Musicales,MCO21303690,Encordadura Guitarra Acústica D'addario Ej45
MCO1182,Instrumentos Musicales,MCO21325948,Cuerdas Guitarra Electroacústica Daddario Originales Ez900
MCO1182,Instrumentos Musicales,MCO43922277,Guitarra Electrica Magnux Stratocaster Amplificador Naranja Negro Musical
MCO1182,Instrumentos Musicales,MCO21414440,Set De Cuerdas Para Guitarra Eléctrica Daddarío Exl110 10-46
MCO1182,Instrumentos Musicales,MCO866813860,<error 404>
MCO1182,Instrumentos Musicales,MCO21545256,Encordado Para Guitarra Electroacústica Daddario Ej15
MCO1182,Instrumentos Musicales,MCO47548712,Flauta Dulce Yamaha Yrs-23 + Funda Color Hueso
MCO1182,Instrumentos Musicales,MCO25705763,Soporte Microfono Condensador Universal Linkon Ajustable Color Negro
MCO1132,Juegos y Juguetes,MCO26799443,Tablero Mágico Tableta De Notas Lcd Dibujo Y Escritura Color Azul
MCO1132,Juegos y Juguetes,MCO32318638,Peluche Cactus Luminoso Juguete Color Verde 60 Canciones
MCO1132,Juegos y Juguetes,MCO37799609,Computador Didactico Juguete 130 Funciones Niña Rosado Color Azul Marino
MCO1132,Juegos y Juguetes,MCO34816216,Lego Harry Potter Ford Flying Anglia 165 piezas - 76424
MCO1132,Juegos y Juguetes,MCO36272928,Carpa Castillo Princesa Pricipe Niña Casa Jardin Luces
MCO1132,Juegos y Juguetes,MCO32833334,Patineta Scooter Con Humo Para Niños Luces Color Graffity Color Morada Flores Morada
MCO1132,Juegos y Juguetes,MCO35956961,Barajador Cartas Poker Baraja Automático Mezclador Idioma N/A
MCO1132,Juegos y Juguetes,MCO34104964,Pack 4 Rubik 2x2 3x3 4x4 5x5 Qiyi Stickerless Speed Cube
MCO1132,Juegos y Juguetes,MCO37939968,Juego Cubo Rubik Caritas Puzzle Face Cambio De Emociones Estructura Multicolor
MCO1132,Juegos y Juguetes,MCO28203617,Patineta Monopatín Scooter 5 En 1 Luz Led Musical Color Azul Mariquita
MCO1132,Juegos y Juguetes,MCO23845306,Hot Wheels Fast&furious Fast Stars W Motors Lykan Hypersport Color Rojo
MCO1132,Juegos y Juguetes,MCO28070815,Raqueta Tennis De Mesa Butterfly Wakaba 3000 + 2 Bolas Color Rojo/Negro
MCO1132,Juegos y Juguetes,MCO44397735,Moto Eléctrica De 3ruedas Para Niños Y Niñas 6v Tipo Ducati Color Rosa Chicle Voltaje Del Cargador 110v/220v
MCO1132,Juegos y Juguetes,MCO34815258,Lego Speed Champions 76919
MCO1132,Juegos y Juguetes,MCO23695782,Coleccionable Carro Furgoneta Scooby Doo Esc 1/32
MCO1132,Juegos y Juguetes,MCO27593450,Bicicleta Todo Terreno Atila Rin 26 18 Velocidades Color Negro Frenos V-brakes Mountain Bike
MCO1132,Juegos y Juguetes,MCO33755098,Carpa Infantil En Forma De Castillo Con Tunel Color Rosa
MCO1132,Juegos y Juguetes,MCO45687909,Kit lavadora y 10 squishy mochi hobby house juguete anti stress ansiedad color multicolor
MCO1132,Juegos y Juguetes,MCO46309097,Camión A Escala 1/43 Niñera Scania S730 Con Lamborghini Color Azul
MCO1132,Juegos y Juguetes,MCO46053660,Set de construcción Lego Speed Champions 6526996 251 piezas
MCO3025,"Libros, Revistas y Comics",MCO20736856,Los Secretos de la Mente Millonaria de T Harv Eker Editorial Sirio Tapa Blanda en Español
MCO3025,"Libros, Revistas y Comics",MCO37854650,"De Mi Para Mi: La Tormenta Pasara, De Chiriss Braund. Editorial Ediciones Deja Vu, Tapa Blanda, Edición 2024 En Español, 2024"
MCO3025,"Libros, Revistas y Comics",MCO41521195,"Hábitos Atômicos: Hábitos Atómicos, De James Clear. Editorial Booket, Tapa Blanda, Edición 1 En Español, 2024"
MCO3025,"Libros, Revistas y Comics",MCO49613705,"No Te Creas Todo Lo Que Piensas, De Joseph Nguyen. Editorial Aguilar Fontanar, Tapa Blanda En Español, 2025"
MCO3025,"Libros, Revistas y Comics",MCO23879747,Las Mujeres Que Aman Demasiado. Robin Norwood. Editorial Vergara En Español. Tapa Blanda
MCO3025,"Libros, Revistas y Comics",MCO19691378,Este Dolor No Es Mío De Mark Wolynn Gaia Ediciones Tapa blanda
MCO3025,"Libros, Revistas y Comics",MCO20918707,Biblia Reina Valera 1960 Azul Con forro y Cremallera mediana Tapa Blanda En Español
MCO3025,"Libros, Revistas y Comics",MCO23639402,Como Mandar A La Mierda De Forma Educada De Alba Cardalda Editorial Vergara
MCO3025,"Libros, Revistas y Comics",MCO20765926,"Si lo crees lo creas - Brian Tracy | Cómo superar tus dudas, vencer la adversidad y lograr tus metas más altas | Autoayuda"
MCO3025,"Libros, Revistas y Comics",MCO38890274,"Hábitos Atómicos. Edicion Especial, De James Clear. Hábitos Atómicos. Edicion Especial Editorial Paidós, Tapa Pasta Dura En Español"
MCO3025,"Libros, Revistas y Comics",MCO22206740,Libro El Poder De La Mente Subconsciente - Original
MCO3025,"Libros, Revistas y Comics",MCO19989131,"Biblia Grande Cristiana Reina Valera 1960 Letra Grande 12 Puntos, Rosada con Flores"
MCO3025,"Libros, Revistas y Comics",MCO23860958,"Cómo Ganar Amigos E Influir Sobre Las Personas, De Dale Carnegie. Editorial Global's, Tapa Blanda En Español"
MCO3025,"Libros, Revistas y Comics",MCO22031624,Libro: Piense Y Hágase Rico - Napoleón Hill
MCO3025,"Libros, Revistas y Comics",MCO20893812,"La Metamorfosis, de Franz Kafka. 9589922712, vol. 1. Editorial Editorial CONO SUR, tapa blanda, edición 2009 en español, 2009"
MCO3025,"Libros, Revistas y Comics",MCO25665547,"Meditaciones, De Marco Aurelio. Editorial D&g, Tapa Blanda En Castellano"
MCO3025,"Libros, Revistas y Comics",MCO1582807281,<error 404>
MCO3025,"Libros, Revistas y Comics",MCO23485050,"Estuche Marian Rojas: Encuentra Tu Persona Vitamina Y Como Hacer Que Te Pasen Cosas Buenas, De Marian Rojas Estapé. Editorial Espasa, Tapa Dura En Español"
MCO3025,"Libros, Revistas y Comics",MCO25420090,Santa Biblia Reina Valera 1960 Letra Grande con Cierre Azul
MCO3025,"Libros, Revistas y Comics",MCO20929138,Biblia Palabra De Dios Para Pdt
MCO1168,"Música, Películas y Series",MCO49306665,- Ruby - cd versión estándar 2025 en digipack
MCO1168,"Música, Películas y Series",MCO23045944,Charly Garcia Clics Modernos Cd Nuevo Original
MCO1168,"Música, Películas y Series",MCO22754774,Bts Proof Compact Edition Pre Venta Kpop
MCO1168,"Música, Películas y Series",MCO23031064,Vinilo 30 (2 Lp's) - Adele
MCO1168,"Música, Películas y Series",MCO23045597,Arctic Monkeys - Favourite Worst Nightmare
MCO1168,"Música, Películas y Series",MCO24148082,Twice 11th Mini Album - Between 1&2
MCO1168,"Música, Películas y Series",MCO28071546,Vinilo Michael Jackson Thriller Nuevo Sellado Envío Gratis
MCO1168,"Música, Películas y Series",MCO23067241,Oasis - Time Flies 1994 / 2009
MCO1168,"Música, Películas y Series",MCO23211827,Cerati Bocanada Cd Nuevo Cerrado
MCO1168,"Música, Películas y Series",MCO26976131,Morat - Si Ayer Fuera Hoy
MCO1168,"Música, Películas y Series",MCO44219018,Los Prisioneros - Antología Su Historia Y Sus Exitos Versión Del Álbum Estándar
MCO1168,"Música, Películas y Series",MCO22854894,Taylor Swift - Reputation
MCO1168,"Música, Películas y Series",MCO28127648,Soda Stereo Nada Personal Cd Nuevo Original Stock
MCO1168,"Música, Películas y Series",MCO23856833,Juan Gabriel - Vestido De Etiqueta
MCO1168,"Música, Películas y Series",MCO26539635,Lpx2 Andres Cepeda Basado En Una Historia Real
MCO1168,"Música, Películas y Series",MCO28089701,Megadeth - Rust In Peace - Remaster Cd Nuevo Impo
MCO1168,"Música, Películas y Series",MCO22789364,Metallica - The Black Album (cd) - Universal
MCO1168,"Música, Películas y Series",MCO22937765,Pericos 3000 Vivos Cd + Dvd
MCO1168,"Música, Películas y Series",MCO24086313,Trench - Twenty One Pilots - Cd - Nuevo (14 Canciones
MCO1168,"Música, Películas y Series",MCO24069340,Aterciopelados - El Dorado (cd Original- Nuevo- Sellado)
MCO118204,"Recuerdos, Piñatería y Fiestas",MCO22796225,Inflador Eléctrico De Globos 600watts Doble Boquilla
MCO118204,"Recuerdos, Piñatería y Fiestas",MCO36263154,Juego De Cubiertos 24pcs Acero Inoxidable Gold Estuche Huevo Color Dorado
MCO118204,"Recuerdos, Piñatería y Fiestas",MCO44712232,Bomba de aire eléctrica Genérica 73005
MCO118204,"Recuerdos, Piñatería y Fiestas",MCO28393761,Inflador Electrico Bomba Globos Fiesta Decoracion Portatil
MCO118204,"Recuerdos, Piñatería y Fiestas",MCO39443904,Juego de cubiertos High Quality Cutlery Set 24 Piezas Acero Inoxidable Color Negro
MCO118204,"Recuerdos, Piñatería y Fiestas",MCO21991665,Juego De Vasos X6 Nova Cristar Color Transparente
MCO118204,"Recuerdos, Piñatería y Fiestas",MCO28969740,"Inflador Doble De Globos, Eléctrico, P/fiestas De Cumpleaños"
MCO118204,"Recuerdos, Piñatería y Fiestas",MCO32108080,Absorbente Humedad Closet X5 - Unidad
MCO118204,"Recuerdos, Piñatería y Fiestas",MCO28700106,Infladores De Mano Ciclismo Beto Mini Bomba Cld-038g Telesco Color Negro
MCO118204,"Recuerdos, Piñatería y Fiestas",MCO45863708,Bomba Bicicleta Gw Bicicletas Ruta Mtb 160psi Color Negro Gw
MCO118204,"Recuerdos, Piñatería y Fiestas",MCO42680743,Bouquet 5 Globos Motivo Flork Globo 3d+4 Metalizados 45cm Color Blanco
MCO118204,"Recuerdos, Piñatería y Fiestas",MCO35857441,Revelación De Genero Bengalas De Humo Diferentes Colores
MCO118204,"Recuerdos, Piñatería y Fiestas",MCO36688849,Globos Sempertex R9 x50 color verde lima fashion redondo
MCO118204,"Recuerdos, Piñatería y Fiestas",MCO46639260,Cinta Acetato Para Arcos Orgánicos De Globos 5m X1 Unidad Color Transparente
MCO118204,"Recuerdos, Piñatería y Fiestas",MCO38652550,Inlfador Eléctrico De Globos
MCO118204,"Recuerdos, Piñatería y Fiestas",MCO49740520,Inflador De Globos Electrico Doble Boquilla Balloon Pump
MCO118204,"Recuerdos, Piñatería y Fiestas",MCO24527660,Ambientador Automático Glade En Aerosol Abrazos De Vainilla2
MCO118204,"Recuerdos, Piñatería y Fiestas",MCO44369826,Globos Sempertex R12 X12 Color Blanco Fashion Redondo
MCO3937,Relojes y Joyas,MCO17425501,Reloj de pulsera Casio Collection F91WS8 Color Gris
MCO3937,Relojes y Joyas,MCO18213242,Reloj pulsera Casio MTP-1314 con correa de acero inoxidable color plateado - fondo negro
MCO3937,Relojes y Joyas,MCO17403338,Reloj pulsera digital Skmei 1251 con correa de poliuretano color negro
MCO3937,Relojes y Joyas,MCO23452862,Reloj De Pared Digital 3615
MCO3937,Relojes y Joyas,MCO40285420,Smartwatch Huawei Watch Gt 5 Pro 46mm Negro
MCO3937,Relojes y Joyas,MCO18202471,Reloj pulsera Casio MTP-V004GL-9 con correa de cuero color marrón - fondo dorado
MCO3937,Relojes y Joyas,MCO29628907,Reloj de mesa despertador digital Genérica Digital con proyector color negro
MCO3937,Relojes y Joyas,MCO19787191,Reloj pulsera digital Casio AE-1500WH-1A con correa de resina color verde - fondo gris
MCO3937,Relojes y Joyas,MCO1359708619,<error 404>
MCO3937,Relojes y Joyas,MCO40694309,Apple Watch Series 10 GPS • Caja de aluminio negro azabache de 46 mm • Correa deportiva negra - S/M
MCO3937,Relojes y Joyas,MCO18069824,"Reloj pulsera Casio Vintage A159W-N1DF de cuerpo color dorado, digital, fondo bordó, con correa de acero inoxidable color dorado, dial negro, minutero/segundero negro, bisel color dorado y hebilla de "
MCO3937,Relojes y Joyas,MCO18332307,Reloj pulsera Casio MTP-V002D-1B con correa de cuero color marrón - fondo plateado
MCO3937,Relojes y Joyas,MCO17790537,Reloj pulsera Casio MTP-V001L-7BUDF con correa de cuero color negro - fondo plateado
MCO3937,Relojes y Joyas,MCO24223071,"Reloj deportivo militar Sanda 739 S-shock, correa impermeable, color negro, color de bisel negro, color de fondo negro"
MCO3937,Relojes y Joyas,MCO18115560,"Reloj pulsera Casio Youth Presente Namorado W-218H-3AV de cuerpo color negro, digital, para hombre, fondo gris, con correa de resina color naranja, dial negro, minutero/segundero negro, bisel color ne"
MCO3937,Relojes y Joyas,MCO40694297,Apple Watch Series 10 GPS • Caja de aluminio color oro rosa de 42 mm • Correa deportiva rosa rubor - S/M
MCO3937,Relojes y Joyas,MCO17915041,Reloj pulsera digital Casio AE-1000W-1AV con correa de acero inoxidable color plateado - fondo negro
MCO3937,Relojes y Joyas,MCO45790111,"Reloj Xiaomi Watch 5: Pantalla Amoled De 2,07 , Gps, Resistencia Al Agua 5atm Y Sensor De Frecuencia Cardíaca Autonomía Hasta 24 Días"
MCO3937,Relojes y Joyas,MCO27222041,Exhibidor Rotativo Base Giratoria Joyas Productos 3k Carga Color Negro
MCO3937,Relojes y Joyas,MCO22794336,Reloj Para Hombre Q&q Q206j204 Q206j204y Plateado
MCO1430,Ropa y Accesorios,MCO1518331755,<error 404>
MCO1430,Ropa y Accesorios,MCO29378310,Organizador De Valija Set De Viaje Necessaire Estuche Color Negro
MCO1430,Ropa y Accesorios,MCO48791783,Morral Mochila Para Hombre Porta Pc Becky Totto Color Azul petróleo
MCO1430,Ropa y Accesorios,MCO1449975943,<error 404>
MCO1430,Ropa y Accesorios,MCO35833181,Bolso Manos Libres Tipo Pechero Para Hombre Con Clave Color Negro Diseño de la tela Lisa
MCO1430,Ropa y Accesorios,MCO22305126,Oakley OAKLEY TURBINE UMBRELLA color blackout lisa sombrilla semi automática reversible
MCO1430,Ropa y Accesorios,MCO24839500,Riñonera Running Expandible Porta Celular Llaves Doc Color Negro
MCO1430,Ropa y Accesorios,MCO34733825,Morral Mochila Urbana Impermeable Musette Negro 20L
MCO1430,Ropa y Accesorios,MCO18102969,"Gafas de sol Hawkers One One size, diseño Polarized Carbono Blue Chrome con marco de nailon tr90 color negro mate/gris, lente azul de plástico espejada, varilla negra mate/gris de nailon tr90"
MCO1430,Ropa y Accesorios,MCO29449598,Balanza Digital De Viaje Para Valijas Equipaje Maleta 50kg Color Plateado
MCO1430,Ropa y Accesorios,MCO48795852,Morral Mochila Para Mujer Porta Pc Wivetto Totto Color Violeta
MCO1430,Ropa y Accesorios,MCO27553045,Organizador De Maletas 7 Piezas Edición De Lujo Color Fix
MCO1430,Ropa y Accesorios,MCO23772741,Linterna Tactica Recargable De Larga Distancia Led Color de la linterna NEGRO Color de la luz Blanco
MCO1430,Ropa y Accesorios,MCO38298853,Sombrilla Paraguas Automático Grande Para Hombre Color Azul Color Negro Diseño De La Tela Lisa
MCO1430,Ropa y Accesorios,MCO1838337350,<error 404>
MCO1430,Ropa y Accesorios,MCO44608135,Morral Porta Pc Para Mujer Maleta Mochila Totto Austtin Color Gris oscuro
MCO1430,Ropa y Accesorios,MCO48798486,Morral Mochila Liviana Para Mujer Negro Panama S Totto
MCO1430,Ropa y Accesorios,MCO2853256212,<error 404>
MCO1430,Ropa y Accesorios,MCO2487615090,<error 404>
MCO1430,Ropa y Accesorios,MCO2592296638,<error 404>
MCO180800,Salud y Equipamiento Médico,MCO20743468,Tensiómetro Digital De Brazo Presión Arterial Ritmo Cardíaco
MCO180800,Salud y Equipamiento Médico,MCO24421913,Pistola Masajeadora Percutora 6 Niveles con Calor y Frío Recargable USB 6 Cabezales Intercambiables
MCO180800,Salud y Equipamiento Médico,MCO27237909,Guantes De Nitrilo Negro Caja x 100 Unds Talla M
MCO180800,Salud y Equipamiento Médico,MCO15503957,Bascula Digital Baño Personal Corporal Personas 180 Kg Diseño Minimalista Femmto BWS01
MCO180800,Salud y Equipamiento Médico,MCO22889968,Tiras Glucoquick Diamond Voice/mini/gd50 Caja X50 Color Blanco/Azul
MCO180800,Salud y Equipamiento Médico,MCO19147005,Bascula Personal Inteligente Bluetooth Balanza Digital De Peso Pesar Personas Femmto
MCO180800,Salud y Equipamiento Médico,MCO35222894,Tensiómetro Digital Profesional De Presión Arterial Brazo Color Blanco
MCO180800,Salud y Equipamiento Médico,MCO19943398,Tensiometro Digital De Brazo Alta Precisión Monitoreo Color Blanco
MCO180800,Salud y Equipamiento Médico,MCO22238608,Tiras reactivas Glucoquick x 50und g30a
MCO180800,Salud y Equipamiento Médico,MCO1462664445,<error 404>
MCO180800,Salud y Equipamiento Médico,MCO44728577,Nebulizador inalámbrico mesh Mesh 2020 blanco
MCO180800,Salud y Equipamiento Médico,MCO37799841,"Dispositivo portátil para latidos cardíacos de bebés, color verde"
MCO180800,Salud y Equipamiento Médico,MCO456800629,<error 404>
MCO180800,Salud y Equipamiento Médico,MCO1525122579,<error 404>
MCO180800,Salud y Equipamiento Médico,MCO24540767,Tensiometro Digital Brazo Bluetooth Recargable Usb Medir Presion Aparato Retroiluminado Monitor Arterial Femmto
MCO180800,Salud y Equipamiento Médico,MCO20899713,Lubricante natural Sen Intimo neutro a base de agua 500ml
MCO180800,Salud y Equipamiento Médico,MCO35583118,Nebulizador Portatil Adulto Y Pediatrico Nube + Color Blanco
MCO180800,Salud y Equipamiento Médico,MCO24870476,Almohadilla térmica eléctrica con temperaturas regulables Gris Marca Hysmart
MCO180800,Salud y Equipamiento Médico,MCO45283782,"Xiaomi Mi Body Composition Scale S400, Pantalla Led Bluetooth 5.0 150 Kg, Escala De Composición Corporal Inteligente Para El Hogar Funciona Con La Aplicación Mi Home"
MCO180800,Salud y Equipamiento Médico,MCO25846464,Trusty Cane Baston Ortopedico Plegable Con Linterna Luz Led Color Negro
MCO1953,Otras categorías,MCO20899713,Lubricante natural Sen Intimo neutro a base de agua 500ml
MCO1953,Otras categorías,MCO19981607,Retardante Sexual Lubricante Intimo Hombre Spray Sen Intimo
MCO1953,Otras categorías,MCO20720920,Lubricante Intimo Caliente Chocolate 30ml A Base De Agua
MCO1953,Otras categorías,MCO20546268,Lubricante Intimo Para Hombre Retardante Sexual Dynamo
MCO1953,Otras categorías,MCO20899716,Lubricante Gel Intimo Anal Dilatador Sen Sexo Sin Dolor Sabor Neutro
MCO1953,Otras categorías,MCO47340932,Lubricante Intimo Multiorgasmos Vibrador Liquido Electriza
MCO1953,Otras categorías,MCO20715587,Lubricante Intimo Multiorgasmo 30ml | Base Agua Con Invima
MCO1953,Otras categorías,MCO20546267,"Lubricante Vaginal Hibrido, Anal, Intimo, 500 Ml"
MCO1953,Otras categorías,MCO20897130,Sen Intimo Lubricante Desensibilizante Anal
MCO1953,Otras categorías,MCO25278945,Lubricante Anal Electrizante Sabor neutro electrizante
MCO1953,Otras categorías,MCO23486906,Hem Incienso Backflow Aroma Sándalo Cono Reflujo Efecto Cascada 40 Conitos
MCO1953,Otras categorías,MCO25532476,Encendedor De Arco Eléctrico Recargabl - g a
MCO1953,Otras categorías,MCO27975117,Lubricante Garganta Profunda Desensibilizante X 15ml Sen Sabor Refrescante
MCO1953,Otras categorías,MCO19998278,Lubricante Multiorgasmos Frio Calor Sen Intimo
MCO1953,Otras categorías,MCO27975858,Hem Incienso Backflow Cono Reflujo Efecto Cascada 40 Conitos Fragancia Palo Santo
MCO1953,Otras categorías,MCO19998275,Lubricante Íntimo Estrechante X 10ml Sen Intimo
MCO1953,Otras categorías,MCO20085398,Sen Intimo Lubricante Multiorgasmico Electrizante 5ml Invima
MCO1953,Otras categorías,MCO20922473,Lubricante Intimo Anal Dilatador Anestesiante Black Power 30ml sin Dolor
MCO1953,Otras categorías,MCO21019774,Lubricante Intimo Cum Sensitive Simula Eyaculacion Squirt
MCO1953,Otras categorías,MCO44677660,Lubricante Sen Intimo Trio Aceite Masajes Y Sexo Oral 3 En 1 Sabor Chocolate
